Jogos/IdJogo;Jogos/numero_jogo;Jogos/Jornada;Jogos/idJornada;Jogos/Fase;Jogos/idFase;Jogos/Realização;Jogos/estado_jogo;Jogos/idCompeticao;Jogos/nome_prova;Jogos/short_name;Jogos/Data;Jogos/hora;Jogos/Equipa_Casa;Jogos/Equipa_Casa_Sigla;Jogos/Equipa_Casa_Id;Jogos/Equipa_Casa_Logo;Jogos/Equipa_Fora;Jogos/Equipa_Fora_Sigla;Jogos/Equipa_Fora_Id;Jogos/Equipa_Fora_Logo;Jogos/Resultado_casa;Jogos/Resultado_fora;Jogos/id_genius_jogo;Jogos/canal_tv;Jogos/recinto_nome;Jogos/recinto_id;Jogos/localidade;Jogos/skoy_id_jogo;Jogos/transmissao/0/canal;Jogos/transmissao/0/url;Jogos/transmissao/1/canal;Jogos/transmissao/1/url;Jogos/transmissao/2/canal;Jogos/transmissao/2/url
303384;586;1;1;Fase Regular;22335;Realizado;Realizado;8894;Liga BETCLIC Masculina;Liga BETCLIC Masculina;2021-10-02;17:00;Ovarense GAVEX ;OVA;40598;https://sav2.fpb.pt/uploads/clubes/logotipo/CLU_121663058006.png;Sporting CP ;SCP;40591;https://sav2.fpb.pt/old_uploads/CLU/CLU_169_LOGO.png;69;88;1948494;false;Arena de Ovar;9744;Ovar;0;;;;;;
303379;581;1;1;Fase Regular;22335;Realizado;Realizado;8894;Liga BETCLIC Masculina;Liga BETCLIC Masculina;2021-10-02;18:00;Illiabum Clube ;ILL;40601;https://sav2.fpb.pt/uploads/clubes/logotipo/Illiabum_Clube1602333892.png;Lusitânia Expert ;SCL;40596;https://sav2.fpb.pt/old_uploads/CLU/CLU_76_LOGO.png;83;89;1948489;false;Pavilhão Municipal Capitão Adriano Nordeste;9225;Ílhavo;55;;;;;;
303383;585;1;1;Fase Regular;22335;Realizado;Realizado;8894;Liga BETCLIC Masculina;Liga BETCLIC Masculina;2021-10-03;15:30;FC Porto ;FCP;40592;https://sav2.fpb.pt/old_uploads/CLU/CLU_120_LOGO.png;CAB Madeira SAD ;CAB;40597;https://sav2.fpb.pt/uploads/clubes/logotipo/CLU_9871666877561.jpg;71;41;1948493;false;Pavilhão Dragão Arena;9876;Porto;0;;;;;;
303381;583;1;1;Fase Regular;22335;Realizado;Realizado;8894;Liga BETCLIC Masculina;Liga BETCLIC Masculina;2021-10-03;16:00;CD Póvoa ;CDP;40600;https://sav2.fpb.pt/old_uploads/CLU/CLU_118_LOGO.jpg;Imortal LUZiGÁS ;IBC;40593;https://sav2.fpb.pt/old_uploads/CLU/CLU_2932_LOGO.png;67;76;1948491;false;Clube Desportivo Póvoa;9153;Póvoa de Varzim;0;;;;;;
303382;584;1;1;Fase Regular;22335;Realizado;Realizado;8894;Liga BETCLIC Masculina;Liga BETCLIC Masculina;2021-10-03;18:00;Académica EFAPEL ;AAC;40599;https://sav2.fpb.pt/uploads/clubes/logotipo/Associacao_Academica_de_Coimbra1596300872.png;UD Oliveirense ;UDO;40595;https://sav2.fpb.pt/old_uploads/CLU/CLU_28_LOGO.png;81;97;1948492;false;Engº Jorge Anjinho;9199;Coimbra;0;;;;;;
303380;582;1;1;Fase Regular;22335;Realizado;Realizado;8894;Liga BETCLIC Masculina;Liga BETCLIC Masculina;2021-10-05;15:00;SL Benfica ;SLB;40594;https://sav2.fpb.pt/old_uploads/CLU/CLU_127_LOGO.png;Vitória SC ;VSC;40527;https://sav2.fpb.pt/old_uploads/CLU/CLU_2300_LOGO.png;96;57;1948490;false;Pavilhão Fidelidade;9526;Lisboa;0;;;;;;
303412;614;6;6;Fase Regular;22335;Realizado;Realizado;8894;Liga BETCLIC Masculina;Liga BETCLIC Masculina;2021-10-05;18:00;Sporting CP ;SCP;40591;https://sav2.fpb.pt/old_uploads/CLU/CLU_169_LOGO.png;Illiabum Clube ;ILL;40601;https://sav2.fpb.pt/uploads/clubes/logotipo/Illiabum_Clube1602333892.png;94;74;1948522;false;Pavilhão João Rocha;10284;Lisboa;0;;;;;;
303390;592;2;2;Fase Regular;22335;Realizado;Realizado;8894;Liga BETCLIC Masculina;Liga BETCLIC Masculina;2021-10-09;15:00;Sporting CP ;SCP;40591;https://sav2.fpb.pt/old_uploads/CLU/CLU_169_LOGO.png;FC Porto ;FCP;40592;https://sav2.fpb.pt/old_uploads/CLU/CLU_120_LOGO.png;72;78;1948500;false;Pavilhão João Rocha;10284;Lisboa;0;;;;;;
303387;589;2;2;Fase Regular;22335;Realizado;Realizado;8894;Liga BETCLIC Masculina;Liga BETCLIC Masculina;2021-10-09;16:00;Imortal LUZiGÁS ;IBC;40593;https://sav2.fpb.pt/old_uploads/CLU/CLU_2932_LOGO.png;SL Benfica ;SLB;40594;https://sav2.fpb.pt/old_uploads/CLU/CLU_127_LOGO.png;72;77;1948497;false;Pavilhão Desportivo de Albufeira;9889;Albufeira;0;;;;;;
303385;587;2;2;Fase Regular;22335;Realizado;Realizado;8894;Liga BETCLIC Masculina;Liga BETCLIC Masculina;2021-10-09;20:30;Lusitânia Expert ;SCL;40596;https://sav2.fpb.pt/old_uploads/CLU/CLU_76_LOGO.png;Ovarense GAVEX ;OVA;40598;https://sav2.fpb.pt/uploads/clubes/logotipo/CLU_121663058006.png;79;77;1948495;false;Pavilhão Municipal de Angra do Heroísmo ;9197;Angra do Heroismo;0;;;;;;
303388;590;2;2;Fase Regular;22335;Realizado;Realizado;8894;Liga BETCLIC Masculina;Liga BETCLIC Masculina;2021-10-09;21:30;UD Oliveirense ;UDO;40595;https://sav2.fpb.pt/old_uploads/CLU/CLU_28_LOGO.png;CD Póvoa ;CDP;40600;https://sav2.fpb.pt/old_uploads/CLU/CLU_118_LOGO.jpg;88;67;1948498;false;Pavilhão Dr. Salvador Machado;9395;Oliveira de Azeméis;0;;;;;;
303386;588;2;2;Fase Regular;22335;Realizado;Realizado;8894;Liga BETCLIC Masculina;Liga BETCLIC Masculina;2021-10-10;15:00;Vitória SC ;VSC;40527;https://sav2.fpb.pt/old_uploads/CLU/CLU_2300_LOGO.png;Illiabum Clube ;ILL;40601;https://sav2.fpb.pt/uploads/clubes/logotipo/Illiabum_Clube1602333892.png;88;62;1948496;false;Pavilhão Unidade Vimaranense;9662;Guimarães;0;;;;;;
303389;591;2;2;Fase Regular;22335;Realizado;Realizado;8894;Liga BETCLIC Masculina;Liga BETCLIC Masculina;2021-10-10;17:00;CAB Madeira SAD ;CAB;40597;https://sav2.fpb.pt/uploads/clubes/logotipo/CLU_9871666877561.jpg;Académica EFAPEL ;AAC;40599;https://sav2.fpb.pt/uploads/clubes/logotipo/Associacao_Academica_de_Coimbra1596300872.png;79;71;1948499;false;Pavilhão Clube Amigos do Basquete1;9192;Funchal;0;;;;;;
303396;598;3;3;Fase Regular;22335;Realizado;Realizado;8894;Liga BETCLIC Masculina;Liga BETCLIC Masculina;2021-10-16;17:00;Ovarense GAVEX ;OVA;40598;https://sav2.fpb.pt/uploads/clubes/logotipo/CLU_121663058006.png;FC Porto ;FCP;40592;https://sav2.fpb.pt/old_uploads/CLU/CLU_120_LOGO.png;20;0;1948506;false;Arena de Ovar;9744;Ovar;0;;;;;;
303395;597;3;3;Fase Regular;22335;Realizado;Realizado;8894;Liga BETCLIC Masculina;Liga BETCLIC Masculina;2021-10-16;18:00;Académica EFAPEL ;AAC;40599;https://sav2.fpb.pt/uploads/clubes/logotipo/Associacao_Academica_de_Coimbra1596300872.png;Sporting CP ;SCP;40591;https://sav2.fpb.pt/old_uploads/CLU/CLU_169_LOGO.png;59;98;1948505;false;Engº Jorge Anjinho;9199;Coimbra;0;;;;;;
303392;594;3;3;Fase Regular;22335;Realizado;Realizado;8894;Liga BETCLIC Masculina;Liga BETCLIC Masculina;2021-10-16;18:00;Illiabum Clube ;ILL;40601;https://sav2.fpb.pt/uploads/clubes/logotipo/Illiabum_Clube1602333892.png;Imortal LUZiGÁS ;IBC;40593;https://sav2.fpb.pt/old_uploads/CLU/CLU_2932_LOGO.png;74;84;1948502;false;Pavilhão Municipal Capitão Adriano Nordeste;9225;Ílhavo;0;;;;;;
303391;593;3;3;Fase Regular;22335;Realizado;Realizado;8894;Liga BETCLIC Masculina;Liga BETCLIC Masculina;2021-10-16;20:30;Lusitânia Expert ;SCL;40596;https://sav2.fpb.pt/old_uploads/CLU/CLU_76_LOGO.png;Vitória SC ;VSC;40527;https://sav2.fpb.pt/old_uploads/CLU/CLU_2300_LOGO.png;80;71;1948501;false;Pavilhão Municipal de Angra do Heroísmo ;9197;Angra do Heroismo;0;;;;;;
303393;595;3;3;Fase Regular;22335;Realizado;Realizado;8894;Liga BETCLIC Masculina;Liga BETCLIC Masculina;2021-10-16;21:00;SL Benfica ;SLB;40594;https://sav2.fpb.pt/old_uploads/CLU/CLU_127_LOGO.png;UD Oliveirense ;UDO;40595;https://sav2.fpb.pt/old_uploads/CLU/CLU_28_LOGO.png;97;70;1948503;false;Pavilhão Fidelidade;9526;Lisboa;0;;;;;;
303394;596;3;3;Fase Regular;22335;Realizado;Realizado;8894;Liga BETCLIC Masculina;Liga BETCLIC Masculina;2021-10-17;15:30;CD Póvoa ;CDP;40600;https://sav2.fpb.pt/old_uploads/CLU/CLU_118_LOGO.jpg;CAB Madeira SAD ;CAB;40597;https://sav2.fpb.pt/uploads/clubes/logotipo/CLU_9871666877561.jpg;56;72;1948504;false;Clube Desportivo Póvoa;9153;Póvoa de Varzim;0;;;;;;
303402;604;4;4;Fase Regular;22335;Realizado;Realizado;8894;Liga BETCLIC Masculina;Liga BETCLIC Masculina;2021-10-22;20:30;FC Porto ;FCP;40592;https://sav2.fpb.pt/old_uploads/CLU/CLU_120_LOGO.png;Académica EFAPEL ;AAC;40599;https://sav2.fpb.pt/uploads/clubes/logotipo/Associacao_Academica_de_Coimbra1596300872.png;68;46;1948512;fpbtv,fpbtv;Pavilhão Dragão Arena;9876;Porto;0;fpbtv;https://www.fpbtv.pt/app/watch/4589868690?play=true;fpbtv;;;
303400;602;4;4;Fase Regular;22335;Realizado;Realizado;8894;Liga BETCLIC Masculina;Liga BETCLIC Masculina;2021-10-23;12:30;CAB Madeira SAD ;CAB;40597;https://sav2.fpb.pt/uploads/clubes/logotipo/CLU_9871666877561.jpg;SL Benfica ;SLB;40594;https://sav2.fpb.pt/old_uploads/CLU/CLU_127_LOGO.png;66;84;1948510;false;Pavilhão Clube Amigos do Basquete1;9192;Funchal;0;;;;;;
303398;600;4;4;Fase Regular;22335;Realizado;Realizado;8894;Liga BETCLIC Masculina;Liga BETCLIC Masculina;2021-10-23;16:00;Imortal LUZiGÁS ;IBC;40593;https://sav2.fpb.pt/old_uploads/CLU/CLU_2932_LOGO.png;Lusitânia Expert ;SCL;40596;https://sav2.fpb.pt/old_uploads/CLU/CLU_76_LOGO.png;87;85;1948508;false;Pavilhão Desportivo de Albufeira;9889;Albufeira;0;;;;;;
303401;603;4;4;Fase Regular;22335;Realizado;Realizado;8894;Liga BETCLIC Masculina;Liga BETCLIC Masculina;2021-10-23;18:00;CD Póvoa ;CDP;40600;https://sav2.fpb.pt/old_uploads/CLU/CLU_118_LOGO.jpg;Sporting CP ;SCP;40591;https://sav2.fpb.pt/old_uploads/CLU/CLU_169_LOGO.png;68;71;1948511;false;Clube Desportivo Póvoa;9153;Póvoa de Varzim;0;;;;;;
303399;601;4;4;Fase Regular;22335;Realizado;Realizado;8894;Liga BETCLIC Masculina;Liga BETCLIC Masculina;2021-10-23;21:30;UD Oliveirense ;UDO;40595;https://sav2.fpb.pt/old_uploads/CLU/CLU_28_LOGO.png;Illiabum Clube ;ILL;40601;https://sav2.fpb.pt/uploads/clubes/logotipo/Illiabum_Clube1602333892.png;79;78;1948509;false;Pavilhão Dr. Salvador Machado;9395;Oliveira de Azeméis;0;;;;;;
303397;599;4;4;Fase Regular;22335;Realizado;Realizado;8894;Liga BETCLIC Masculina;Liga BETCLIC Masculina;2021-10-24;18:00;Vitória SC ;VSC;40527;https://sav2.fpb.pt/old_uploads/CLU/CLU_2300_LOGO.png;Ovarense GAVEX ;OVA;40598;https://sav2.fpb.pt/uploads/clubes/logotipo/CLU_121663058006.png;81;82;1948507;false;Pavilhão Unidade Vimaranense;9662;Guimarães;0;;;;;;
303403;605;5;5;Fase Regular;22335;Realizado;Realizado;8894;Liga BETCLIC Masculina;Liga BETCLIC Masculina;2021-10-28;16:00;Vitória SC ;VSC;40527;https://sav2.fpb.pt/old_uploads/CLU/CLU_2300_LOGO.png;Imortal LUZiGÁS ;IBC;40593;https://sav2.fpb.pt/old_uploads/CLU/CLU_2932_LOGO.png;74;77;1948513;fpbtv;Pavilhão Unidade Vimaranense;9662;Guimarães;0;fpbtv;;;;;
303404;606;5;5;Fase Regular;22335;Realizado;Realizado;8894;Liga BETCLIC Masculina;Liga BETCLIC Masculina;2021-10-28;20:30;Lusitânia Expert ;SCL;40596;https://sav2.fpb.pt/old_uploads/CLU/CLU_76_LOGO.png;UD Oliveirense ;UDO;40595;https://sav2.fpb.pt/old_uploads/CLU/CLU_28_LOGO.png;81;74;1948514;fpbtv;Pavilhão Municipal de Angra do Heroísmo ;9197;Angra do Heroismo;0;fpbtv;;;;;
303405;607;5;5;Fase Regular;22335;Realizado;Realizado;8894;Liga BETCLIC Masculina;Liga BETCLIC Masculina;2021-10-28;21:00;Illiabum Clube ;ILL;40601;https://sav2.fpb.pt/uploads/clubes/logotipo/Illiabum_Clube1602333892.png;CAB Madeira SAD ;CAB;40597;https://sav2.fpb.pt/uploads/clubes/logotipo/CLU_9871666877561.jpg;69;58;1948515;fpbtv;Pavilhão Municipal Capitão Adriano Nordeste;9225;Ílhavo;0;fpbtv;;;;;
303408;610;5;5;Fase Regular;22335;Realizado;Realizado;8894;Liga BETCLIC Masculina;Liga BETCLIC Masculina;2021-10-28;21:00;Ovarense GAVEX ;OVA;40598;https://sav2.fpb.pt/uploads/clubes/logotipo/CLU_121663058006.png;Académica EFAPEL ;AAC;40599;https://sav2.fpb.pt/uploads/clubes/logotipo/Associacao_Academica_de_Coimbra1596300872.png;92;87;1948518;fpbtv;Arena de Ovar;9744;Ovar;0;fpbtv;;;;;
303407;609;5;5;Fase Regular;22335;Realizado;Realizado;8894;Liga BETCLIC Masculina;Liga BETCLIC Masculina;2021-10-29;20:00;CD Póvoa ;CDP;40600;https://sav2.fpb.pt/old_uploads/CLU/CLU_118_LOGO.jpg;FC Porto ;FCP;40592;https://sav2.fpb.pt/old_uploads/CLU/CLU_120_LOGO.png;60;67;1948517;fpbtv,abolatv;Clube Desportivo Póvoa;9153;Póvoa de Varzim;0;fpbtv;;abolatv;;;
303411;613;6;6;Fase Regular;22335;Realizado;Realizado;8894;Liga BETCLIC Masculina;Liga BETCLIC Masculina;2021-10-31;16:00;CAB Madeira SAD ;CAB;40597;https://sav2.fpb.pt/uploads/clubes/logotipo/CLU_9871666877561.jpg;Lusitânia Expert ;SCL;40596;https://sav2.fpb.pt/old_uploads/CLU/CLU_76_LOGO.png;73;76;1948521;fpbtv;Pavilhão Clube Amigos do Basquete1;9192;Funchal;0;fpbtv;;;;;
303414;616;6;6;Fase Regular;22335;Realizado;Realizado;8894;Liga BETCLIC Masculina;Liga BETCLIC Masculina;2021-10-31;16:00;Académica EFAPEL ;AAC;40599;https://sav2.fpb.pt/uploads/clubes/logotipo/Associacao_Academica_de_Coimbra1596300872.png;CD Póvoa ;CDP;40600;https://sav2.fpb.pt/old_uploads/CLU/CLU_118_LOGO.jpg;62;73;1948524;fpbtv;Engº Jorge Anjinho;9199;Coimbra;0;fpbtv;;;;;
303413;615;6;6;Fase Regular;22335;Realizado;Realizado;8894;Liga BETCLIC Masculina;Liga BETCLIC Masculina;2021-10-31;18:00;FC Porto ;FCP;40592;https://sav2.fpb.pt/old_uploads/CLU/CLU_120_LOGO.png;SL Benfica ;SLB;40594;https://sav2.fpb.pt/old_uploads/CLU/CLU_127_LOGO.png;81;71;1948523;fpbtv,portocanal,rtp2;Pavilhão Dragão Arena;9876;Porto;0;fpbtv;;portocanal;;rtp2;
303409;611;6;6;Fase Regular;22335;Realizado;Realizado;8894;Liga BETCLIC Masculina;Liga BETCLIC Masculina;2021-10-31;18:30;Imortal LUZiGÁS ;IBC;40593;https://sav2.fpb.pt/old_uploads/CLU/CLU_2932_LOGO.png;Ovarense GAVEX ;OVA;40598;https://sav2.fpb.pt/uploads/clubes/logotipo/CLU_121663058006.png;94;75;1948519;fpbtv,abolatv;Pavilhão Desportivo de Albufeira;9889;Albufeira;0;fpbtv;https://www.fpbtv.pt/app/watch/7105948107;abolatv;;;
303410;612;6;6;Fase Regular;22335;Realizado;Realizado;8894;Liga BETCLIC Masculina;Liga BETCLIC Masculina;2021-11-01;18:00;UD Oliveirense ;UDO;40595;https://sav2.fpb.pt/old_uploads/CLU/CLU_28_LOGO.png;Vitória SC ;VSC;40527;https://sav2.fpb.pt/old_uploads/CLU/CLU_2300_LOGO.png;90;69;1948520;fpbtv;Pavilhão Dr. Salvador Machado;9395;Oliveira de Azeméis;0;fpbtv;;;;;
303419;621;7;7;Fase Regular;22335;Realizado;Realizado;8894;Liga BETCLIC Masculina;Liga BETCLIC Masculina;2021-11-06;17:00;SL Benfica ;SLB;40594;https://sav2.fpb.pt/old_uploads/CLU/CLU_127_LOGO.png;Académica EFAPEL ;AAC;40599;https://sav2.fpb.pt/uploads/clubes/logotipo/Associacao_Academica_de_Coimbra1596300872.png;110;63;1948529;fpbtv,abolatv;Pavilhão Fidelidade;9526;Lisboa;0;fpbtv;;abolatv;;;
303418;620;7;7;Fase Regular;22335;Realizado;Realizado;8894;Liga BETCLIC Masculina;Liga BETCLIC Masculina;2021-11-06;18:00;Illiabum Clube ;ILL;40601;https://sav2.fpb.pt/uploads/clubes/logotipo/Illiabum_Clube1602333892.png;FC Porto ;FCP;40592;https://sav2.fpb.pt/old_uploads/CLU/CLU_120_LOGO.png;68;73;1948528;fpbtv,rtp2;Pavilhão Municipal Capitão Adriano Nordeste;9225;Ílhavo;0;fpbtv;;rtp2;;;
303417;619;7;7;Fase Regular;22335;Realizado;Realizado;8894;Liga BETCLIC Masculina;Liga BETCLIC Masculina;2021-11-06;19:00;Lusitânia Expert ;SCL;40596;https://sav2.fpb.pt/old_uploads/CLU/CLU_76_LOGO.png;Sporting CP ;SCP;40591;https://sav2.fpb.pt/old_uploads/CLU/CLU_169_LOGO.png;83;89;1948527;fpbtv;Pavilhão Municipal de Angra do Heroísmo ;9197;Angra do Heroismo;0;fpbtv;;;;;
303416;618;7;7;Fase Regular;22335;Realizado;Realizado;8894;Liga BETCLIC Masculina;Liga BETCLIC Masculina;2021-11-07;15:00;Vitória SC ;VSC;40527;https://sav2.fpb.pt/old_uploads/CLU/CLU_2300_LOGO.png;CAB Madeira SAD ;CAB;40597;https://sav2.fpb.pt/uploads/clubes/logotipo/CLU_9871666877561.jpg;76;84;1948526;fpbtv;Pavilhão Unidade Vimaranense;9662;Guimarães;0;fpbtv;;;;;
303420;622;7;7;Fase Regular;22335;Realizado;Realizado;8894;Liga BETCLIC Masculina;Liga BETCLIC Masculina;2021-11-07;16:00;Ovarense GAVEX ;OVA;40598;https://sav2.fpb.pt/uploads/clubes/logotipo/CLU_121663058006.png;CD Póvoa ;CDP;40600;https://sav2.fpb.pt/old_uploads/CLU/CLU_118_LOGO.jpg;86;68;1948530;fpbtv;Arena de Ovar;9744;Ovar;0;fpbtv;;;;;
303424;626;8;8;Fase Regular;22335;Realizado;Realizado;8894;Liga BETCLIC Masculina;Liga BETCLIC Masculina;2021-11-12;20:30;FC Porto ;FCP;40592;https://sav2.fpb.pt/old_uploads/CLU/CLU_120_LOGO.png;Lusitânia Expert ;SCL;40596;https://sav2.fpb.pt/old_uploads/CLU/CLU_76_LOGO.png;80;56;1948535;fpbtv,portocanal;Pavilhão Dragão Arena;9876;Porto;0;fpbtv;https://www.fpbtv.pt/app/watch/5728716886;portocanal;;;
303423;625;8;8;Fase Regular;22335;Realizado;Realizado;8894;Liga BETCLIC Masculina;Liga BETCLIC Masculina;2021-11-13;15:00;Sporting CP ;SCP;40591;https://sav2.fpb.pt/old_uploads/CLU/CLU_169_LOGO.png;Vitória SC ;VSC;40527;https://sav2.fpb.pt/old_uploads/CLU/CLU_2300_LOGO.png;99;62;1948534;fpbtv;Pavilhão João Rocha;10284;Lisboa;0;fpbtv;https://www.fpbtv.pt/app/watch/5018673291;;;;
303422;624;8;8;Fase Regular;22335;Realizado;Realizado;8894;Liga BETCLIC Masculina;Liga BETCLIC Masculina;2021-11-13;16:00;CAB Madeira SAD ;CAB;40597;https://sav2.fpb.pt/uploads/clubes/logotipo/CLU_9871666877561.jpg;Imortal LUZiGÁS ;IBC;40593;https://sav2.fpb.pt/old_uploads/CLU/CLU_2932_LOGO.png;68;70;1948533;fpbtv;Pavilhão Clube Amigos do Basquete1;9192;Funchal;0;fpbtv;https://www.fpbtv.pt/app/watch/6594476524;;;;
303425;627;8;8;Fase Regular;22335;Realizado;Realizado;8894;Liga BETCLIC Masculina;Liga BETCLIC Masculina;2021-11-13;18:00;Académica EFAPEL ;AAC;40599;https://sav2.fpb.pt/uploads/clubes/logotipo/Associacao_Academica_de_Coimbra1596300872.png;Illiabum Clube ;ILL;40601;https://sav2.fpb.pt/uploads/clubes/logotipo/Illiabum_Clube1602333892.png;61;96;1948536;fpbtv;Pavilhão Estádio Universitário 1;10169;Coimbra;0;fpbtv;https://www.fpbtv.pt/app/watch/1878875841;;;;
303426;628;8;8;Fase Regular;22335;Realizado;Realizado;8894;Liga BETCLIC Masculina;Liga BETCLIC Masculina;2021-11-14;16:00;CD Póvoa ;CDP;40600;https://sav2.fpb.pt/old_uploads/CLU/CLU_118_LOGO.jpg;SL Benfica ;SLB;40594;https://sav2.fpb.pt/old_uploads/CLU/CLU_127_LOGO.png;53;76;1948537;fpbtv,rtp2;Clube Desportivo Póvoa;9153;Póvoa de Varzim;0;fpbtv;https://www.fpbtv.pt/app/;rtp2;;;
303455;657;13;13;Fase Regular;22335;Realizado;Realizado;8894;Liga BETCLIC Masculina;Liga BETCLIC Masculina;2021-11-27;17:00;Académica EFAPEL ;AAC;40599;https://sav2.fpb.pt/uploads/clubes/logotipo/Associacao_Academica_de_Coimbra1596300872.png;CAB Madeira SAD ;CAB;40597;https://sav2.fpb.pt/uploads/clubes/logotipo/CLU_9871666877561.jpg;76;82;1948566;fpbtv;Engº Jorge Anjinho;9199;Coimbra;0;fpbtv;https://www.fpbtv.pt/app/watch/1363193570;;;;
303460;662;14;14;Fase Regular;22335;Realizado;Realizado;8894;Liga BETCLIC Masculina;Liga BETCLIC Masculina;2021-12-01;14:15;CAB Madeira SAD ;CAB;40597;https://sav2.fpb.pt/uploads/clubes/logotipo/CLU_9871666877561.jpg;CD Póvoa ;CDP;40600;https://sav2.fpb.pt/old_uploads/CLU/CLU_118_LOGO.jpg;88;63;1948572;fpbtv;Pavilhão Clube Amigos do Basquete1;9192;Funchal;0;fpbtv;https://www.fpbtv.pt/app/watch/925779911;;;;
303433;635;10;10;Fase Regular;22335;Realizado;Realizado;8894;Liga BETCLIC Masculina;Liga BETCLIC Masculina;2021-12-04;15:00;Ovarense GAVEX ;OVA;40598;https://sav2.fpb.pt/uploads/clubes/logotipo/CLU_121663058006.png;CAB Madeira SAD ;CAB;40597;https://sav2.fpb.pt/uploads/clubes/logotipo/CLU_9871666877561.jpg;84;98;1948544;fpbtv;Arena de Ovar;9744;Ovar;0;fpbtv;https://www.fpbtv.pt/app/watch/8485147762;;;;
303435;637;10;10;Fase Regular;22335;Realizado;Realizado;8894;Liga BETCLIC Masculina;Liga BETCLIC Masculina;2021-12-04;19:00;FC Porto ;FCP;40592;https://sav2.fpb.pt/old_uploads/CLU/CLU_120_LOGO.png;Imortal LUZiGÁS ;IBC;40593;https://sav2.fpb.pt/old_uploads/CLU/CLU_2932_LOGO.png;70;62;1948546;fpbtv,portocanal;Pavilhão Dragão Arena;9876;Porto;0;fpbtv;https://www.fpbtv.pt/app/watch/1605283159;portocanal;;;
303438;640;10;10;Fase Regular;22335;Realizado;Realizado;8894;Liga BETCLIC Masculina;Liga BETCLIC Masculina;2021-12-05;15:00;SL Benfica ;SLB;40594;https://sav2.fpb.pt/old_uploads/CLU/CLU_127_LOGO.png;Illiabum Clube ;ILL;40601;https://sav2.fpb.pt/uploads/clubes/logotipo/Illiabum_Clube1602333892.png;112;72;1948549;fpbtv;Pavilhão Fidelidade;9526;Lisboa;0;fpbtv;https://www.fpbtv.pt/app/watch/1033651592;;;;
303434;636;10;10;Fase Regular;22335;Realizado;Realizado;8894;Liga BETCLIC Masculina;Liga BETCLIC Masculina;2021-12-05;15:00;UD Oliveirense ;UDO;40595;https://sav2.fpb.pt/old_uploads/CLU/CLU_28_LOGO.png;Sporting CP ;SCP;40591;https://sav2.fpb.pt/old_uploads/CLU/CLU_169_LOGO.png;67;78;1948545;fpbtv,rtp2;Pavilhão Dr. Salvador Machado;9395;Oliveira de Azeméis;0;fpbtv;https://www.fpbtv.pt/app/watch/2454264557;rtp2;;;
303437;639;10;10;Fase Regular;22335;Realizado;Realizado;8894;Liga BETCLIC Masculina;Liga BETCLIC Masculina;2021-12-05;16:00;CD Póvoa ;CDP;40600;https://sav2.fpb.pt/old_uploads/CLU/CLU_118_LOGO.jpg;Lusitânia Expert ;SCL;40596;https://sav2.fpb.pt/old_uploads/CLU/CLU_76_LOGO.png;77;80;1948548;fpbtv;Clube Desportivo Póvoa;9153;Póvoa de Varzim;0;fpbtv;https://www.fpbtv.pt/app/watch/6177600462;;;;
303436;638;10;10;Fase Regular;22335;Realizado;Realizado;8894;Liga BETCLIC Masculina;Liga BETCLIC Masculina;2021-12-05;18:00;Académica EFAPEL ;AAC;40599;https://sav2.fpb.pt/uploads/clubes/logotipo/Associacao_Academica_de_Coimbra1596300872.png;Vitória SC ;VSC;40527;https://sav2.fpb.pt/old_uploads/CLU/CLU_2300_LOGO.png;91;81;1948547;fpbtv;Engº Jorge Anjinho;9199;Coimbra;0;fpbtv;https://www.fpbtv.pt/app/watch/7900252195;;;;
303415;617;7;7;Fase Regular;22335;Realizado;Realizado;8894;Liga BETCLIC Masculina;Liga BETCLIC Masculina;2021-12-08;18:30;Imortal LUZiGÁS ;IBC;40593;https://sav2.fpb.pt/old_uploads/CLU/CLU_2932_LOGO.png;UD Oliveirense ;UDO;40595;https://sav2.fpb.pt/old_uploads/CLU/CLU_28_LOGO.png;68;72;1948525;fpbtv;Pavilhão Desportivo de Albufeira;9889;Albufeira;0;fpbtv;https://www.fpbtv.pt/app/watch/7328620804;;;;
303442;644;11;11;Fase Regular;22335;Realizado;Realizado;8894;Liga BETCLIC Masculina;Liga BETCLIC Masculina;2021-12-11;15:00;Vitória SC ;VSC;40527;https://sav2.fpb.pt/old_uploads/CLU/CLU_2300_LOGO.png;CD Póvoa ;CDP;40600;https://sav2.fpb.pt/old_uploads/CLU/CLU_118_LOGO.jpg;65;77;1948553;fpbtv;Pavilhão Unidade Vimaranense;9662;Guimarães;0;fpbtv;https://www.fpbtv.pt/app/watch/8288581413;;;;
303441;643;11;11;Fase Regular;22335;Realizado;Realizado;8894;Liga BETCLIC Masculina;Liga BETCLIC Masculina;2021-12-11;16:00;Imortal LUZiGÁS ;IBC;40593;https://sav2.fpb.pt/old_uploads/CLU/CLU_2932_LOGO.png;Académica EFAPEL ;AAC;40599;https://sav2.fpb.pt/uploads/clubes/logotipo/Associacao_Academica_de_Coimbra1596300872.png;111;88;1948552;fpbtv;Pavilhão Desportivo de Albufeira;9889;Albufeira;0;fpbtv;https://www.fpbtv.pt/app/watch/581231995;;;;
303444;646;11;11;Fase Regular;22335;Realizado;Realizado;8894;Liga BETCLIC Masculina;Liga BETCLIC Masculina;2021-12-11;17:00;Illiabum Clube ;ILL;40601;https://sav2.fpb.pt/uploads/clubes/logotipo/Illiabum_Clube1602333892.png;Ovarense GAVEX ;OVA;40598;https://sav2.fpb.pt/uploads/clubes/logotipo/CLU_121663058006.png;95;81;1948555;rtp2,fpbtv;Pavilhão Municipal Capitão Adriano Nordeste;9225;Ílhavo;0;rtp2;;fpbtv;https://www.fpbtv.pt/app/watch/2157034076;;
303443;645;11;11;Fase Regular;22335;Realizado;Realizado;8894;Liga BETCLIC Masculina;Liga BETCLIC Masculina;2021-12-11;20:30;Lusitânia Expert ;SCL;40596;https://sav2.fpb.pt/old_uploads/CLU/CLU_76_LOGO.png;SL Benfica ;SLB;40594;https://sav2.fpb.pt/old_uploads/CLU/CLU_127_LOGO.png;58;76;1948554;fpbtv;Pavilhão Municipal de Angra do Heroísmo ;9197;Angra do Heroismo;0;fpbtv;https://www.fpbtv.pt/app/watch/5930701489;;;;
303440;642;11;11;Fase Regular;22335;Realizado;Realizado;8894;Liga BETCLIC Masculina;Liga BETCLIC Masculina;2021-12-12;18:00;UD Oliveirense ;UDO;40595;https://sav2.fpb.pt/old_uploads/CLU/CLU_28_LOGO.png;FC Porto ;FCP;40592;https://sav2.fpb.pt/old_uploads/CLU/CLU_120_LOGO.png;20;0;1948551;fpbtv;Pavilhão Dr. Salvador Machado;9395;Oliveira de Azeméis;0;fpbtv;https://www.fpbtv.pt/app/watch/5930701489;;;;
303450;652;12;12;Fase Regular;22335;Realizado;Realizado;8894;Liga BETCLIC Masculina;Liga BETCLIC Masculina;2021-12-17;16:00;Sporting CP ;SCP;40591;https://sav2.fpb.pt/old_uploads/CLU/CLU_169_LOGO.png;Ovarense GAVEX ;OVA;40598;https://sav2.fpb.pt/uploads/clubes/logotipo/CLU_121663058006.png;94;63;1948561;fpbtv;Pavilhão Henrique Miranda;9234;Queluz;0;fpbtv;https://www.fpbtv.pt/app/watch/5175020357;;;;
303446;648;12;12;Fase Regular;22335;Realizado;Realizado;8894;Liga BETCLIC Masculina;Liga BETCLIC Masculina;2021-12-17;19:00;Vitória SC ;VSC;40527;https://sav2.fpb.pt/old_uploads/CLU/CLU_2300_LOGO.png;SL Benfica ;SLB;40594;https://sav2.fpb.pt/old_uploads/CLU/CLU_127_LOGO.png;68;108;1948557;fpbtv;Pavilhão Unidade Vimaranense;9662;Guimarães;0;fpbtv;https://www.fpbtv.pt/app/watch/6612460454;;;;
303447;649;12;12;Fase Regular;22335;Realizado;Realizado;8894;Liga BETCLIC Masculina;Liga BETCLIC Masculina;2021-12-17;20:00;Imortal LUZiGÁS ;IBC;40593;https://sav2.fpb.pt/old_uploads/CLU/CLU_2932_LOGO.png;CD Póvoa ;CDP;40600;https://sav2.fpb.pt/old_uploads/CLU/CLU_118_LOGO.jpg;79;82;1948558;fpbtv;Pavilhão Desportivo de Albufeira;9889;Albufeira;0;fpbtv;https://www.fpbtv.pt/app/watch/1745877147;;;;
303449;651;12;12;Fase Regular;22335;Realizado;Realizado;8894;Liga BETCLIC Masculina;Liga BETCLIC Masculina;2021-12-17;20:45;CAB Madeira SAD ;CAB;40597;https://sav2.fpb.pt/uploads/clubes/logotipo/CLU_9871666877561.jpg;FC Porto ;FCP;40592;https://sav2.fpb.pt/old_uploads/CLU/CLU_120_LOGO.png;90;86;1948560;fpbtv;Pavilhão Clube Amigos do Basquete1;9192;Funchal;0;fpbtv;https://www.fpbtv.pt/app/watch/3472658940;;;;
303448;650;12;12;Fase Regular;22335;Realizado;Realizado;8894;Liga BETCLIC Masculina;Liga BETCLIC Masculina;2021-12-17;21:00;UD Oliveirense ;UDO;40595;https://sav2.fpb.pt/old_uploads/CLU/CLU_28_LOGO.png;Académica EFAPEL ;AAC;40599;https://sav2.fpb.pt/uploads/clubes/logotipo/Associacao_Academica_de_Coimbra1596300872.png;69;75;1948559;fpbtv;Pavilhão Dr. Salvador Machado;9395;Oliveira de Azeméis;0;fpbtv;https://www.fpbtv.pt/app/watch/2896836305;;;;
303445;647;12;12;Fase Regular;22335;Realizado;Realizado;8894;Liga BETCLIC Masculina;Liga BETCLIC Masculina;2021-12-18;20:30;Lusitânia Expert ;SCL;40596;https://sav2.fpb.pt/old_uploads/CLU/CLU_76_LOGO.png;Illiabum Clube ;ILL;40601;https://sav2.fpb.pt/uploads/clubes/logotipo/Illiabum_Clube1602333892.png;80;70;1948556;fpbtv;Pavilhão Municipal de Angra do Heroísmo ;9197;Angra do Heroismo;0;fpbtv;https://www.fpbtv.pt/app/watch/4338470706;;;;
303439;641;11;11;Fase Regular;22335;Realizado;Realizado;8894;Liga BETCLIC Masculina;Liga BETCLIC Masculina;2021-12-19;11:45;CAB Madeira SAD ;CAB;40597;https://sav2.fpb.pt/uploads/clubes/logotipo/CLU_9871666877561.jpg;Sporting CP ;SCP;40591;https://sav2.fpb.pt/old_uploads/CLU/CLU_169_LOGO.png;83;95;1948550;fpbtv;Pavilhão Clube Amigos do Basquete1;9192;Funchal;0;fpbtv;https://www.fpbtv.pt/app/watch/1291275270;;;;
303430;632;9;9;Fase Regular;22335;Realizado;Realizado;8894;Liga BETCLIC Masculina;Liga BETCLIC Masculina;2021-12-21;21:00;Lusitânia Expert ;SCL;40596;https://sav2.fpb.pt/old_uploads/CLU/CLU_76_LOGO.png;Académica EFAPEL ;AAC;40599;https://sav2.fpb.pt/uploads/clubes/logotipo/Associacao_Academica_de_Coimbra1596300872.png;96;79;1948541;fpbtv;Pavilhão Municipal de Angra do Heroísmo ;9197;Angra do Heroismo;0;fpbtv;https://www.fpbtv.pt/app/watch/6654071016;;;;
303428;630;9;9;Fase Regular;22335;Realizado;Realizado;8894;Liga BETCLIC Masculina;Liga BETCLIC Masculina;2021-12-22;18:30;Imortal LUZiGÁS ;IBC;40593;https://sav2.fpb.pt/old_uploads/CLU/CLU_2932_LOGO.png;Sporting CP ;SCP;40591;https://sav2.fpb.pt/old_uploads/CLU/CLU_169_LOGO.png;59;78;1948539;fpbtv;Pavilhão Desportivo de Albufeira;9889;Albufeira;0;fpbtv;https://www.fpbtv.pt/app/watch/3927247473;;;;
303429;631;9;9;Fase Regular;22335;Realizado;Realizado;8894;Liga BETCLIC Masculina;Liga BETCLIC Masculina;2021-12-22;19:00;Vitória SC ;VSC;40527;https://sav2.fpb.pt/old_uploads/CLU/CLU_2300_LOGO.png;FC Porto ;FCP;40592;https://sav2.fpb.pt/old_uploads/CLU/CLU_120_LOGO.png;66;99;1948540;fpbtv;Pavilhão Unidade Vimaranense;9662;Guimarães;0;fpbtv;https://www.fpbtv.pt/app/watch/1833609677;;;;
303427;629;9;9;Fase Regular;22335;Realizado;Realizado;8894;Liga BETCLIC Masculina;Liga BETCLIC Masculina;2021-12-22;21:00;UD Oliveirense ;UDO;40595;https://sav2.fpb.pt/old_uploads/CLU/CLU_28_LOGO.png;CAB Madeira SAD ;CAB;40597;https://sav2.fpb.pt/uploads/clubes/logotipo/CLU_9871666877561.jpg;92;73;1948538;fpbtv;Pavilhão Dr. Salvador Machado;9395;Oliveira de Azeméis;0;fpbtv;https://www.fpbtv.pt/app/watch/338195740;;;;
303432;634;9;9;Fase Regular;22335;Realizado;Realizado;8894;Liga BETCLIC Masculina;Liga BETCLIC Masculina;2021-12-22;21:00;Ovarense GAVEX ;OVA;40598;https://sav2.fpb.pt/uploads/clubes/logotipo/CLU_121663058006.png;SL Benfica ;SLB;40594;https://sav2.fpb.pt/old_uploads/CLU/CLU_127_LOGO.png;79;86;1948543;fpbtv;Arena de Ovar;9744;Ovar;0;fpbtv;https://www.fpbtv.pt/app/watch/5078285239;;;;
303431;633;9;9;Fase Regular;22335;Realizado;Realizado;8894;Liga BETCLIC Masculina;Liga BETCLIC Masculina;2021-12-22;21:30;Illiabum Clube ;ILL;40601;https://sav2.fpb.pt/uploads/clubes/logotipo/Illiabum_Clube1602333892.png;CD Póvoa ;CDP;40600;https://sav2.fpb.pt/old_uploads/CLU/CLU_118_LOGO.jpg;80;85;1948542;fpbtv;Pavilhão Municipal Capitão Adriano Nordeste;9225;Ílhavo;0;fpbtv;https://www.fpbtv.pt/app/watch/5515682642;;;;
314196;655;13;13;Fase Regular;22335;Não realizado;Não realizado;8894;Liga BETCLIC Masculina;Liga BETCLIC Masculina;2021-12-28;18:00;SL Benfica ;SLB;40594;https://sav2.fpb.pt/old_uploads/CLU/CLU_127_LOGO.png;Imortal LUZiGÁS ;IBC;40593;https://sav2.fpb.pt/old_uploads/CLU/CLU_2932_LOGO.png;;;0;false;Pavilhão Fidelidade;9526;Lisboa;0;;;;;;
303456;658;13;13;Fase Regular;22335;Realizado;Realizado;8894;Liga BETCLIC Masculina;Liga BETCLIC Masculina;2021-12-28;19:00;FC Porto ;FCP;40592;https://sav2.fpb.pt/old_uploads/CLU/CLU_120_LOGO.png;Sporting CP ;SCP;40591;https://sav2.fpb.pt/old_uploads/CLU/CLU_169_LOGO.png;66;59;1948567;fpbtv,rtp2,portocanal;Pavilhão Dragão Arena;9876;Porto;0;fpbtv;https://www.fpbtv.pt/app/watch/2716198659;rtp2;;portocanal;
303452;654;13;13;Fase Regular;22335;Realizado;Realizado;8894;Liga BETCLIC Masculina;Liga BETCLIC Masculina;2021-12-28;21:00;Illiabum Clube ;ILL;40601;https://sav2.fpb.pt/uploads/clubes/logotipo/Illiabum_Clube1602333892.png;Vitória SC ;VSC;40527;https://sav2.fpb.pt/old_uploads/CLU/CLU_2300_LOGO.png;76;89;1948563;fpbtv;Pavilhão Municipal Capitão Adriano Nordeste;9225;Ílhavo;0;fpbtv;https://www.fpbtv.pt/app/watch/8145360217;;;;
303454;656;13;13;Fase Regular;22335;Realizado;Realizado;8894;Liga BETCLIC Masculina;Liga BETCLIC Masculina;2021-12-29;21:30;CD Póvoa ;CDP;40600;https://sav2.fpb.pt/old_uploads/CLU/CLU_118_LOGO.jpg;UD Oliveirense ;UDO;40595;https://sav2.fpb.pt/old_uploads/CLU/CLU_28_LOGO.png;76;70;1948565;fpbtv;Clube Desportivo Póvoa;9153;Póvoa de Varzim;0;fpbtv;https://www.fpbtv.pt/app/watch/7422733754;;;;
303461;663;14;14;Fase Regular;22335;Realizado;Realizado;8894;Liga BETCLIC Masculina;Liga BETCLIC Masculina;2022-01-02;15:00;Sporting CP ;SCP;40591;https://sav2.fpb.pt/old_uploads/CLU/CLU_169_LOGO.png;Académica EFAPEL ;AAC;40599;https://sav2.fpb.pt/uploads/clubes/logotipo/Associacao_Academica_de_Coimbra1596300872.png;115;65;1948573;fpbtv,sportingtv;Pavilhão João Rocha;10284;Lisboa;0;fpbtv;https://www.fpbtv.pt/app/watch/3038262402;sportingtv;;;
303459;661;14;14;Fase Regular;22335;Realizado;Realizado;8894;Liga BETCLIC Masculina;Liga BETCLIC Masculina;2022-01-02;18:00;UD Oliveirense ;UDO;40595;https://sav2.fpb.pt/old_uploads/CLU/CLU_28_LOGO.png;SL Benfica ;SLB;40594;https://sav2.fpb.pt/old_uploads/CLU/CLU_127_LOGO.png;67;88;1948571;rtp2,fpbtv;Pavilhão Dr. Salvador Machado;9395;Oliveira de Azeméis;0;rtp2;;fpbtv;https://www.fpbtv.pt/app/watch/4492479975;;
303462;664;14;14;Fase Regular;22335;Realizado;Realizado;8894;Liga BETCLIC Masculina;Liga BETCLIC Masculina;2022-01-02;18:00;FC Porto ;FCP;40592;https://sav2.fpb.pt/old_uploads/CLU/CLU_120_LOGO.png;Ovarense GAVEX ;OVA;40598;https://sav2.fpb.pt/uploads/clubes/logotipo/CLU_121663058006.png;80;62;1948574;fpbtv,portocanal;Pavilhão Dragão Arena;9876;Porto;0;fpbtv;https://www.fpbtv.pt/app/watch/8215814872;portocanal;;;
303457;659;14;14;Fase Regular;22335;Realizado;Realizado;8894;Liga BETCLIC Masculina;Liga BETCLIC Masculina;2022-01-03;21:15;Vitória SC ;VSC;40527;https://sav2.fpb.pt/old_uploads/CLU/CLU_2300_LOGO.png;Lusitânia Expert ;SCL;40596;https://sav2.fpb.pt/old_uploads/CLU/CLU_76_LOGO.png;75;73;1948568;fpbtv;Pavilhão Unidade Vimaranense;9662;Guimarães;0;fpbtv;https://www.fpbtv.pt/app/watch/2967290960;;;;
303406;608;5;5;Fase Regular;22335;Realizado;Realizado;8894;Liga BETCLIC Masculina;Liga BETCLIC Masculina;2022-01-05;19:00;SL Benfica ;SLB;40594;https://sav2.fpb.pt/old_uploads/CLU/CLU_127_LOGO.png;Sporting CP ;SCP;40591;https://sav2.fpb.pt/old_uploads/CLU/CLU_169_LOGO.png;63;74;1948516;fpbtv,rtp2,benficatv;Pavilhão Fidelidade;9526;Lisboa;0;fpbtv;https://www.fpbtv.pt/app/watch/91231439;rtp2;;benficatv;
303421;623;8;8;Fase Regular;22335;Realizado;Realizado;8894;Liga BETCLIC Masculina;Liga BETCLIC Masculina;2022-01-05;21:00;UD Oliveirense ;UDO;40595;https://sav2.fpb.pt/old_uploads/CLU/CLU_28_LOGO.png;Ovarense GAVEX ;OVA;40598;https://sav2.fpb.pt/uploads/clubes/logotipo/CLU_121663058006.png;89;66;1948532;fpbtv;Pavilhão Dr. Salvador Machado;9395;Oliveira de Azeméis;0;fpbtv;https://www.fpbtv.pt/app/watch/3680349472;;;;
303467;669;15;15;Fase Regular;22335;Realizado;Realizado;8894;Liga BETCLIC Masculina;Liga BETCLIC Masculina;2022-01-08;15:00;Sporting CP ;SCP;40591;https://sav2.fpb.pt/old_uploads/CLU/CLU_169_LOGO.png;CD Póvoa ;CDP;40600;https://sav2.fpb.pt/old_uploads/CLU/CLU_118_LOGO.jpg;113;70;1948580;fpbtv,sportingtv;Pavilhão João Rocha;10284;Lisboa;0;fpbtv;https://www.fpbtv.pt/app/watch/1402161340;sportingtv;;;
303466;668;15;15;Fase Regular;22335;Realizado;Realizado;8894;Liga BETCLIC Masculina;Liga BETCLIC Masculina;2022-01-08;15:00;SL Benfica ;SLB;40594;https://sav2.fpb.pt/old_uploads/CLU/CLU_127_LOGO.png;CAB Madeira SAD ;CAB;40597;https://sav2.fpb.pt/uploads/clubes/logotipo/CLU_9871666877561.jpg;99;66;1948578;fpbtv,benficatv;Pavilhão Fidelidade;9526;Lisboa;0;fpbtv;https://www.fpbtv.pt/app/watch/8550461531;benficatv;;;
303465;667;15;15;Fase Regular;22335;Realizado;Realizado;8894;Liga BETCLIC Masculina;Liga BETCLIC Masculina;2022-01-08;18:00;Illiabum Clube ;ILL;40601;https://sav2.fpb.pt/uploads/clubes/logotipo/Illiabum_Clube1602333892.png;UD Oliveirense ;UDO;40595;https://sav2.fpb.pt/old_uploads/CLU/CLU_28_LOGO.png;70;79;1948577;rtp2,fpbtv;Pavilhão Municipal Capitão Adriano Nordeste;9225;Ílhavo;0;rtp2;;fpbtv;https://www.fpbtv.pt/app/watch/809558417;;
303468;670;15;15;Fase Regular;22335;Realizado;Realizado;8894;Liga BETCLIC Masculina;Liga BETCLIC Masculina;2022-01-08;18:00;Académica EFAPEL ;AAC;40599;https://sav2.fpb.pt/uploads/clubes/logotipo/Associacao_Academica_de_Coimbra1596300872.png;FC Porto ;FCP;40592;https://sav2.fpb.pt/old_uploads/CLU/CLU_120_LOGO.png;83;101;1948581;fpbtv;Engº Jorge Anjinho;9199;Coimbra;0;fpbtv;https://www.fpbtv.pt/app/watch/2519566066;;;;
303470;672;16;16;Fase Regular;22335;Realizado;Realizado;8894;Liga BETCLIC Masculina;Liga BETCLIC Masculina;2022-01-13;21:00;UD Oliveirense ;UDO;40595;https://sav2.fpb.pt/old_uploads/CLU/CLU_28_LOGO.png;Lusitânia Expert ;SCL;40596;https://sav2.fpb.pt/old_uploads/CLU/CLU_76_LOGO.png;88;73;1948583;fpbtv;Pavilhão Dr. Salvador Machado;9395;Oliveira de Azeméis;0;fpbtv;https://www.fpbtv.pt/app/watch/1088153711;;;;
303473;675;16;16;Fase Regular;22335;Realizado;Realizado;8894;Liga BETCLIC Masculina;Liga BETCLIC Masculina;2022-01-14;20:30;FC Porto ;FCP;40592;https://sav2.fpb.pt/old_uploads/CLU/CLU_120_LOGO.png;CD Póvoa ;CDP;40600;https://sav2.fpb.pt/old_uploads/CLU/CLU_118_LOGO.jpg;82;55;1948586;fpbtv;Pavilhão Dragão Arena;9876;Porto;0;fpbtv;https://www.fpbtv.pt/app/watch/646480192;;;;
303474;676;16;16;Fase Regular;22335;Realizado;Realizado;8894;Liga BETCLIC Masculina;Liga BETCLIC Masculina;2022-01-15;15:00;Académica EFAPEL ;AAC;40599;https://sav2.fpb.pt/uploads/clubes/logotipo/Associacao_Academica_de_Coimbra1596300872.png;Ovarense GAVEX ;OVA;40598;https://sav2.fpb.pt/uploads/clubes/logotipo/CLU_121663058006.png;87;91;1948587;fpbtv,abolatv;Engº Jorge Anjinho;9199;Coimbra;0;fpbtv;https://www.fpbtv.pt/app/watch/2272680357;abolatv;;;
314197;671;16;16;Fase Regular;22335;Não realizado;Não realizado;8894;Liga BETCLIC Masculina;Liga BETCLIC Masculina;2022-01-15;16:00;Imortal LUZiGÁS ;IBC;40593;https://sav2.fpb.pt/old_uploads/CLU/CLU_2932_LOGO.png;Vitória SC ;VSC;40527;https://sav2.fpb.pt/old_uploads/CLU/CLU_2300_LOGO.png;;;0;false;Pavilhão Desportivo de Albufeira;9889;Albufeira;0;;;;;;
303478;680;17;17;Fase Regular;22335;Realizado;Realizado;8894;Liga BETCLIC Masculina;Liga BETCLIC Masculina;2022-01-16;16:00;Illiabum Clube ;ILL;40601;https://sav2.fpb.pt/uploads/clubes/logotipo/Illiabum_Clube1602333892.png;Sporting CP ;SCP;40591;https://sav2.fpb.pt/old_uploads/CLU/CLU_169_LOGO.png;75;85;1948591;fpbtv;Pavilhão Municipal Capitão Adriano Nordeste;9225;Ílhavo;0;fpbtv;https://www.fpbtv.pt/app/watch/8436932749;;;;
303475;677;17;17;Fase Regular;22335;Realizado;Realizado;8894;Liga BETCLIC Masculina;Liga BETCLIC Masculina;2022-01-19;21:00;Ovarense GAVEX ;OVA;40598;https://sav2.fpb.pt/uploads/clubes/logotipo/CLU_121663058006.png;Imortal LUZiGÁS ;IBC;40593;https://sav2.fpb.pt/old_uploads/CLU/CLU_2932_LOGO.png;76;68;1948588;fpbtv;Arena de Ovar;9744;Ovar;0;fpbtv;https://www.fpbtv.pt/app/watch/2627437735;;;;
303471;673;16;16;Fase Regular;22335;Realizado;Realizado;8894;Liga BETCLIC Masculina;Liga BETCLIC Masculina;2022-01-21;20:45;CAB Madeira SAD ;CAB;40597;https://sav2.fpb.pt/uploads/clubes/logotipo/CLU_9871666877561.jpg;Illiabum Clube ;ILL;40601;https://sav2.fpb.pt/uploads/clubes/logotipo/Illiabum_Clube1602333892.png;89;82;1948584;fpbtv;Pavilhão Clube Amigos do Basquete;10185;Funchal;0;fpbtv;https://www.fpbtv.pt/app/watch/7838561021;;;;
303480;682;17;17;Fase Regular;22335;Realizado;Realizado;8894;Liga BETCLIC Masculina;Liga BETCLIC Masculina;2022-01-22;21:30;CD Póvoa ;CDP;40600;https://sav2.fpb.pt/old_uploads/CLU/CLU_118_LOGO.jpg;Académica EFAPEL ;AAC;40599;https://sav2.fpb.pt/uploads/clubes/logotipo/Associacao_Academica_de_Coimbra1596300872.png;75;69;1948593;fpbtv;Clube Desportivo Póvoa;9153;Póvoa de Varzim;0;fpbtv;https://www.fpbtv.pt/app/watch/7279447006;;;;
303451;653;13;13;Fase Regular;22335;Realizado;Realizado;8894;Liga BETCLIC Masculina;Liga BETCLIC Masculina;2022-01-23;17:00;Ovarense GAVEX ;OVA;40598;https://sav2.fpb.pt/uploads/clubes/logotipo/CLU_121663058006.png;Lusitânia Expert ;SCL;40596;https://sav2.fpb.pt/old_uploads/CLU/CLU_76_LOGO.png;79;66;1948562;fpbtv;Arena de Ovar;9744;Ovar;0;fpbtv;https://www.fpbtv.pt/app/watch/4426218596;;;;
303482;684;18;18;Fase Regular;22335;Realizado;Realizado;8894;Liga BETCLIC Masculina;Liga BETCLIC Masculina;2022-01-29;15:00;CAB Madeira SAD ;CAB;40597;https://sav2.fpb.pt/uploads/clubes/logotipo/CLU_9871666877561.jpg;Vitória SC ;VSC;40527;https://sav2.fpb.pt/old_uploads/CLU/CLU_2300_LOGO.png;78;93;1948595;fpbtv;Pavilhão Clube Amigos do Basquete;10185;Funchal;0;fpbtv;https://www.fpbtv.pt/app/watch/7190751602;;;;
303481;683;18;18;Fase Regular;22335;Realizado;Realizado;8894;Liga BETCLIC Masculina;Liga BETCLIC Masculina;2022-01-29;18:30;UD Oliveirense ;UDO;40595;https://sav2.fpb.pt/old_uploads/CLU/CLU_28_LOGO.png;Imortal LUZiGÁS ;IBC;40593;https://sav2.fpb.pt/old_uploads/CLU/CLU_2932_LOGO.png;91;78;1948594;fpbtv;Pavilhão Dr. Salvador Machado;9395;Oliveira de Azeméis;0;fpbtv;https://www.fpbtv.pt/app/watch/3406773174;;;;
303485;687;18;18;Fase Regular;22335;Realizado;Realizado;8894;Liga BETCLIC Masculina;Liga BETCLIC Masculina;2022-01-29;21:30;Académica EFAPEL ;AAC;40599;https://sav2.fpb.pt/uploads/clubes/logotipo/Associacao_Academica_de_Coimbra1596300872.png;SL Benfica ;SLB;40594;https://sav2.fpb.pt/old_uploads/CLU/CLU_127_LOGO.png;70;102;1948600;fpbtv;Engº Jorge Anjinho;9199;Coimbra;0;fpbtv;https://www.fpbtv.pt/app/watch/2851918059;;;;
303486;688;18;18;Fase Regular;22335;Realizado;Realizado;8894;Liga BETCLIC Masculina;Liga BETCLIC Masculina;2022-01-30;18:00;CD Póvoa ;CDP;40600;https://sav2.fpb.pt/old_uploads/CLU/CLU_118_LOGO.jpg;Ovarense GAVEX ;OVA;40598;https://sav2.fpb.pt/uploads/clubes/logotipo/CLU_121663058006.png;73;69;1948601;fpbtv;Clube Desportivo Póvoa;9153;Póvoa de Varzim;0;fpbtv;https://www.fpbtv.pt/app/watch/4557793740;;;;
303463;665;15;15;Fase Regular;22335;Realizado;Realizado;8894;Liga BETCLIC Masculina;Liga BETCLIC Masculina;2022-02-02;21:00;Ovarense GAVEX ;OVA;40598;https://sav2.fpb.pt/uploads/clubes/logotipo/CLU_121663058006.png;Vitória SC ;VSC;40527;https://sav2.fpb.pt/old_uploads/CLU/CLU_2300_LOGO.png;81;63;1948575;fpbtv;Arena de Ovar;9744;Ovar;0;fpbtv;https://www.fpbtv.pt/app/watch/4831320934;;;;
303492;694;19;19;Fase Regular;22335;Realizado;Realizado;8894;Liga BETCLIC Masculina;Liga BETCLIC Masculina;2022-02-05;15:00;SL Benfica ;SLB;40594;https://sav2.fpb.pt/old_uploads/CLU/CLU_127_LOGO.png;CD Póvoa ;CDP;40600;https://sav2.fpb.pt/old_uploads/CLU/CLU_118_LOGO.jpg;67;57;1948607;fpbtv;Pavilhão Fidelidade;9526;Lisboa;0;fpbtv;https://www.fpbtv.pt/app/watch/4309984830;;;;
303488;690;19;19;Fase Regular;22335;Realizado;Realizado;8894;Liga BETCLIC Masculina;Liga BETCLIC Masculina;2022-02-05;16:00;Imortal LUZiGÁS ;IBC;40593;https://sav2.fpb.pt/old_uploads/CLU/CLU_2932_LOGO.png;CAB Madeira SAD ;CAB;40597;https://sav2.fpb.pt/uploads/clubes/logotipo/CLU_9871666877561.jpg;83;76;1948603;fpbtv;Pavilhão Desportivo de Albufeira;9889;Albufeira;0;fpbtv;https://www.fpbtv.pt/app/watch/8167554835;;;;
303487;689;19;19;Fase Regular;22335;Realizado;Realizado;8894;Liga BETCLIC Masculina;Liga BETCLIC Masculina;2022-02-05;17:00;Ovarense GAVEX ;OVA;40598;https://sav2.fpb.pt/uploads/clubes/logotipo/CLU_121663058006.png;UD Oliveirense ;UDO;40595;https://sav2.fpb.pt/old_uploads/CLU/CLU_28_LOGO.png;89;91;1948602;fpbtv,rtp2;Arena de Ovar;9744;Ovar;0;fpbtv;https://www.fpbtv.pt/app/watch/1153406068;rtp2;;;
303489;691;19;19;Fase Regular;22335;Realizado;Realizado;8894;Liga BETCLIC Masculina;Liga BETCLIC Masculina;2022-02-06;11:30;Vitória SC ;VSC;40527;https://sav2.fpb.pt/old_uploads/CLU/CLU_2300_LOGO.png;Sporting CP ;SCP;40591;https://sav2.fpb.pt/old_uploads/CLU/CLU_169_LOGO.png;88;102;1948604;abolatv,fpbtv;Pavilhão Unidade Vimaranense;9662;Guimarães;0;abolatv;;fpbtv;https://www.fpbtv.pt/app/watch/4217030026;;
303496;698;20;20;Fase Regular;22335;Realizado;Realizado;8894;Liga BETCLIC Masculina;Liga BETCLIC Masculina;2022-02-12;14:30;Académica EFAPEL ;AAC;40599;https://sav2.fpb.pt/uploads/clubes/logotipo/Associacao_Academica_de_Coimbra1596300872.png;Lusitânia Expert ;SCL;40596;https://sav2.fpb.pt/old_uploads/CLU/CLU_76_LOGO.png;89;99;1948613;false;Engº Jorge Anjinho;9199;Coimbra;0;;;;;;
303498;700;20;20;Fase Regular;22335;Realizado;Realizado;8894;Liga BETCLIC Masculina;Liga BETCLIC Masculina;2022-02-12;16:00;SL Benfica ;SLB;40594;https://sav2.fpb.pt/old_uploads/CLU/CLU_127_LOGO.png;Ovarense GAVEX ;OVA;40598;https://sav2.fpb.pt/uploads/clubes/logotipo/CLU_121663058006.png;86;64;1948615;false;Pavilhão Fidelidade;9526;Lisboa;0;;;;;;
303497;699;20;20;Fase Regular;22335;Realizado;Realizado;8894;Liga BETCLIC Masculina;Liga BETCLIC Masculina;2022-02-12;18:00;CD Póvoa ;CDP;40600;https://sav2.fpb.pt/old_uploads/CLU/CLU_118_LOGO.jpg;Illiabum Clube ;ILL;40601;https://sav2.fpb.pt/uploads/clubes/logotipo/Illiabum_Clube1602333892.png;89;63;1948614;rtp2,fpbtv;Clube Desportivo Póvoa;9153;Póvoa de Varzim;0;rtp2;;fpbtv;www.fpbtv.pt;;
303495;697;20;20;Fase Regular;22335;Realizado;Realizado;8894;Liga BETCLIC Masculina;Liga BETCLIC Masculina;2022-02-12;18:00;FC Porto ;FCP;40592;https://sav2.fpb.pt/old_uploads/CLU/CLU_120_LOGO.png;Vitória SC ;VSC;40527;https://sav2.fpb.pt/old_uploads/CLU/CLU_2300_LOGO.png;109;75;1948610;fpbtv,portocanal;Pavilhão Dragão Arena;9876;Porto;0;fpbtv;https://www.fpbtv.pt;portocanal;;;
303494;696;20;20;Fase Regular;22335;Realizado;Realizado;8894;Liga BETCLIC Masculina;Liga BETCLIC Masculina;2022-02-13;18:30;Sporting CP ;SCP;40591;https://sav2.fpb.pt/old_uploads/CLU/CLU_169_LOGO.png;Imortal LUZiGÁS ;IBC;40593;https://sav2.fpb.pt/old_uploads/CLU/CLU_2932_LOGO.png;80;66;1948609;false;Pavilhão João Rocha;10284;Lisboa;0;;;;;;
303490;692;19;19;Fase Regular;22335;Realizado;Realizado;8894;Liga BETCLIC Masculina;Liga BETCLIC Masculina;2022-02-17;20:30;Lusitânia Expert ;SCL;40596;https://sav2.fpb.pt/old_uploads/CLU/CLU_76_LOGO.png;FC Porto ;FCP;40592;https://sav2.fpb.pt/old_uploads/CLU/CLU_120_LOGO.png;71;81;1948605;fpbtv;Pavilhão Municipal de Angra do Heroísmo ;9197;Angra do Heroismo;0;fpbtv;https://www.fpbtv.pt/app/watch/6604962466;;;;
303469;671;16;16;Fase Regular;22335;Realizado;Realizado;8894;Liga BETCLIC Masculina;Liga BETCLIC Masculina;2022-02-19;16:00;Imortal LUZiGÁS ;IBC;40593;https://sav2.fpb.pt/old_uploads/CLU/CLU_2932_LOGO.png;Vitória SC ;VSC;40527;https://sav2.fpb.pt/old_uploads/CLU/CLU_2300_LOGO.png;77;79;1948582;fpbtv;Pavilhão Desportivo de Albufeira;9889;Albufeira;0;fpbtv;https://www.fpbtv.pt/app/watch/5991825030;;;;
303491;693;19;19;Fase Regular;22335;Realizado;Realizado;8894;Liga BETCLIC Masculina;Liga BETCLIC Masculina;2022-02-19;18:00;Illiabum Clube ;ILL;40601;https://sav2.fpb.pt/uploads/clubes/logotipo/Illiabum_Clube1602333892.png;Académica EFAPEL ;AAC;40599;https://sav2.fpb.pt/uploads/clubes/logotipo/Associacao_Academica_de_Coimbra1596300872.png;72;59;1948606;fpbtv;Pavilhão Municipal Capitão Adriano Nordeste;9225;Ílhavo;0;fpbtv;https://www.fpbtv.pt/app/;;;;
303458;660;14;14;Fase Regular;22335;Realizado;Realizado;8894;Liga BETCLIC Masculina;Liga BETCLIC Masculina;2022-03-05;16:00;Imortal LUZiGÁS ;IBC;40593;https://sav2.fpb.pt/old_uploads/CLU/CLU_2932_LOGO.png;Illiabum Clube ;ILL;40601;https://sav2.fpb.pt/uploads/clubes/logotipo/Illiabum_Clube1602333892.png;81;80;1948569;fpbtv;Pavilhão Desportivo de Albufeira;9889;Albufeira;0;fpbtv;https://www.fpbtv.pt/app/watch/1314929469;;;;
303479;681;17;17;Fase Regular;22335;Realizado;Realizado;8894;Liga BETCLIC Masculina;Liga BETCLIC Masculina;2022-03-05;16:30;SL Benfica ;SLB;40594;https://sav2.fpb.pt/old_uploads/CLU/CLU_127_LOGO.png;FC Porto ;FCP;40592;https://sav2.fpb.pt/old_uploads/CLU/CLU_120_LOGO.png;63;68;1948592;fpbtv,rtp2;Pavilhão Fidelidade;9526;Lisboa;0;fpbtv;https://www.fpbtv.pt/app/watch/3555128606;rtp2;;;
303476;678;17;17;Fase Regular;22335;Realizado;Realizado;8894;Liga BETCLIC Masculina;Liga BETCLIC Masculina;2022-03-06;18:30;Vitória SC ;VSC;40527;https://sav2.fpb.pt/old_uploads/CLU/CLU_2300_LOGO.png;UD Oliveirense ;UDO;40595;https://sav2.fpb.pt/old_uploads/CLU/CLU_28_LOGO.png;69;85;1948589;fpbtv;Pavilhão Unidade Vimaranense;9662;Guimarães;0;fpbtv;https://www.fpbtv.pt/app/watch/6396927384;;;;
303499;701;21;21;Fase Regular;22335;Realizado;Realizado;8894;Liga BETCLIC Masculina;Liga BETCLIC Masculina;2022-03-12;15:00;CAB Madeira SAD ;CAB;40597;https://sav2.fpb.pt/uploads/clubes/logotipo/CLU_9871666877561.jpg;Ovarense GAVEX ;OVA;40598;https://sav2.fpb.pt/uploads/clubes/logotipo/CLU_121663058006.png;88;82;1948616;fpbtv;Pavilhão Clube Amigos do Basquete;10185;Funchal;0;fpbtv;https://www.fpbtv.pt/app/watch/3558974016;;;;
303501;703;21;21;Fase Regular;22335;Realizado;Realizado;8894;Liga BETCLIC Masculina;Liga BETCLIC Masculina;2022-03-12;17:30;Imortal LUZiGÁS ;IBC;40593;https://sav2.fpb.pt/old_uploads/CLU/CLU_2932_LOGO.png;FC Porto ;FCP;40592;https://sav2.fpb.pt/old_uploads/CLU/CLU_120_LOGO.png;83;87;1948618;fpbtv;Pavilhão Desportivo de Albufeira;9889;Albufeira;0;fpbtv;https://www.fpbtv.pt/app/watch/2853141157;;;;
303504;706;21;21;Fase Regular;22335;Realizado;Realizado;8894;Liga BETCLIC Masculina;Liga BETCLIC Masculina;2022-03-12;18:00;Illiabum Clube ;ILL;40601;https://sav2.fpb.pt/uploads/clubes/logotipo/Illiabum_Clube1602333892.png;SL Benfica ;SLB;40594;https://sav2.fpb.pt/old_uploads/CLU/CLU_127_LOGO.png;70;77;1948621;fpbtv;Pavilhão Municipal Capitão Adriano Nordeste;9225;Ílhavo;0;fpbtv;https://www.fpbtv.pt/app/watch/4445705094;;;;
303500;702;21;21;Fase Regular;22335;Realizado;Realizado;8894;Liga BETCLIC Masculina;Liga BETCLIC Masculina;2022-03-12;21:30;Sporting CP ;SCP;40591;https://sav2.fpb.pt/old_uploads/CLU/CLU_169_LOGO.png;UD Oliveirense ;UDO;40595;https://sav2.fpb.pt/old_uploads/CLU/CLU_28_LOGO.png;75;61;1948617;fpbtv;Pavilhão João Rocha;10284;Lisboa;0;fpbtv;https://www.fpbtv.pt/app/watch/8299063547;;;;
303502;704;21;21;Fase Regular;22335;Realizado;Realizado;8894;Liga BETCLIC Masculina;Liga BETCLIC Masculina;2022-03-12;21:30;Vitória SC ;VSC;40527;https://sav2.fpb.pt/old_uploads/CLU/CLU_2300_LOGO.png;Académica EFAPEL ;AAC;40599;https://sav2.fpb.pt/uploads/clubes/logotipo/Associacao_Academica_de_Coimbra1596300872.png;92;74;1948619;fpbtv;Pavilhão Unidade Vimaranense;9662;Guimarães;0;fpbtv;https://www.fpbtv.pt/app/watch/1284981212;;;;
303503;705;21;21;Fase Regular;22335;Realizado;Realizado;8894;Liga BETCLIC Masculina;Liga BETCLIC Masculina;2022-03-13;17:00;Lusitânia Expert ;SCL;40596;https://sav2.fpb.pt/old_uploads/CLU/CLU_76_LOGO.png;CD Póvoa ;CDP;40600;https://sav2.fpb.pt/old_uploads/CLU/CLU_118_LOGO.jpg;71;57;1948620;fpbtv;Pavilhão Municipal de Angra do Heroísmo ;9197;Angra do Heroismo;0;fpbtv;https://www.fpbtv.pt/app/watch/759490097;;;;
303464;666;15;15;Fase Regular;22335;Realizado;Realizado;8894;Liga BETCLIC Masculina;Liga BETCLIC Masculina;2022-03-16;18:30;Lusitânia Expert ;SCL;40596;https://sav2.fpb.pt/old_uploads/CLU/CLU_76_LOGO.png;Imortal LUZiGÁS ;IBC;40593;https://sav2.fpb.pt/old_uploads/CLU/CLU_2932_LOGO.png;78;86;1948576;fpbtv;Pavilhão Municipal de Angra do Heroísmo ;9197;Angra do Heroismo;0;fpbtv;https://www.fpbtv.pt/app/watch/6242918359;;;;
303493;695;20;20;Fase Regular;22335;Realizado;Realizado;8894;Liga BETCLIC Masculina;Liga BETCLIC Masculina;2022-03-19;15:00;CAB Madeira SAD ;CAB;40597;https://sav2.fpb.pt/uploads/clubes/logotipo/CLU_9871666877561.jpg;UD Oliveirense ;UDO;40595;https://sav2.fpb.pt/old_uploads/CLU/CLU_28_LOGO.png;93;87;1948608;fpbtv;Pavilhão Clube Amigos do Basquete;10185;Funchal;0;fpbtv;www.fpbtv.pt;;;;
303484;686;18;18;Fase Regular;22335;Realizado;Realizado;8894;Liga BETCLIC Masculina;Liga BETCLIC Masculina;2022-03-19;18:30;FC Porto ;FCP;40592;https://sav2.fpb.pt/old_uploads/CLU/CLU_120_LOGO.png;Illiabum Clube ;ILL;40601;https://sav2.fpb.pt/uploads/clubes/logotipo/Illiabum_Clube1602333892.png;82;69;1948598;fpbtv;Pavilhão Dragão Arena;9876;Porto;0;fpbtv;www.fpbtv.pt;;;;
303453;655;13;13;Fase Regular;22335;Realizado;Realizado;8894;Liga BETCLIC Masculina;Liga BETCLIC Masculina;2022-03-19;19:00;SL Benfica ;SLB;40594;https://sav2.fpb.pt/old_uploads/CLU/CLU_127_LOGO.png;Imortal LUZiGÁS ;IBC;40593;https://sav2.fpb.pt/old_uploads/CLU/CLU_2932_LOGO.png;95;64;1948564;fpbtv;Pavilhão Fidelidade;9526;Lisboa;0;fpbtv;www.fpbtv.pt;;;;
303483;685;18;18;Fase Regular;22335;Realizado;Realizado;8894;Liga BETCLIC Masculina;Liga BETCLIC Masculina;2022-03-19;21:00;Sporting CP ;SCP;40591;https://sav2.fpb.pt/old_uploads/CLU/CLU_169_LOGO.png;Lusitânia Expert ;SCL;40596;https://sav2.fpb.pt/old_uploads/CLU/CLU_76_LOGO.png;91;64;1948596;fpbtv;Pavilhão João Rocha;10284;Lisboa;0;fpbtv;www.fpbtv.pt;;;;
303477;679;17;17;Fase Regular;22335;Realizado;Realizado;8894;Liga BETCLIC Masculina;Liga BETCLIC Masculina;2022-03-23;20:30;Lusitânia Expert ;SCL;40596;https://sav2.fpb.pt/old_uploads/CLU/CLU_76_LOGO.png;CAB Madeira SAD ;CAB;40597;https://sav2.fpb.pt/uploads/clubes/logotipo/CLU_9871666877561.jpg;74;77;1948590;fpbtv;Pavilhão Municipal de Angra do Heroísmo ;9197;Angra do Heroismo;0;fpbtv;www.fpbtv.pt;;;;
303472;674;16;16;Fase Regular;22335;Realizado;Realizado;8894;Liga BETCLIC Masculina;Liga BETCLIC Masculina;2022-03-23;20:30;Sporting CP ;SCP;40591;https://sav2.fpb.pt/old_uploads/CLU/CLU_169_LOGO.png;SL Benfica ;SLB;40594;https://sav2.fpb.pt/old_uploads/CLU/CLU_127_LOGO.png;73;89;1948585;fpbtv;Pavilhão João Rocha;10284;Lisboa;0;fpbtv;www.fpbtv.pt;;;;
303507;709;22;22;Fase Regular;22335;Realizado;Realizado;8894;Liga BETCLIC Masculina;Liga BETCLIC Masculina;2022-03-26;15:00;Académica EFAPEL ;AAC;40599;https://sav2.fpb.pt/uploads/clubes/logotipo/Associacao_Academica_de_Coimbra1596300872.png;Imortal LUZiGÁS ;IBC;40593;https://sav2.fpb.pt/old_uploads/CLU/CLU_2932_LOGO.png;79;92;1948624;fpbtv;Engº Jorge Anjinho;9199;Coimbra;0;fpbtv;www.fpbtv.pt;;;;
303510;712;22;22;Fase Regular;22335;Realizado;Realizado;8894;Liga BETCLIC Masculina;Liga BETCLIC Masculina;2022-03-26;15:00;Ovarense GAVEX ;OVA;40598;https://sav2.fpb.pt/uploads/clubes/logotipo/CLU_121663058006.png;Illiabum Clube ;ILL;40601;https://sav2.fpb.pt/uploads/clubes/logotipo/Illiabum_Clube1602333892.png;77;88;1948627;fpbtv,rtp2;Arena de Ovar;9744;Ovar;0;fpbtv;www.fpbtv.pt;rtp2;;;
303506;708;22;22;Fase Regular;22335;Realizado;Realizado;8894;Liga BETCLIC Masculina;Liga BETCLIC Masculina;2022-03-26;15:00;FC Porto ;FCP;40592;https://sav2.fpb.pt/old_uploads/CLU/CLU_120_LOGO.png;UD Oliveirense ;UDO;40595;https://sav2.fpb.pt/old_uploads/CLU/CLU_28_LOGO.png;76;75;1948623;fpbtv;Pavilhão Dragão Arena;9876;Porto;0;fpbtv;www.fpbtv.pt;;;;
303509;711;22;22;Fase Regular;22335;Realizado;Realizado;8894;Liga BETCLIC Masculina;Liga BETCLIC Masculina;2022-03-26;15:00;SL Benfica ;SLB;40594;https://sav2.fpb.pt/old_uploads/CLU/CLU_127_LOGO.png;Lusitânia Expert ;SCL;40596;https://sav2.fpb.pt/old_uploads/CLU/CLU_76_LOGO.png;131;72;1948626;fpbtv;Pavilhão Fidelidade;9526;Lisboa;0;fpbtv;www.fpbtv.pt;;;;
303505;707;22;22;Fase Regular;22335;Realizado;Realizado;8894;Liga BETCLIC Masculina;Liga BETCLIC Masculina;2022-03-26;15:00;Sporting CP ;SCP;40591;https://sav2.fpb.pt/old_uploads/CLU/CLU_169_LOGO.png;CAB Madeira SAD ;CAB;40597;https://sav2.fpb.pt/uploads/clubes/logotipo/CLU_9871666877561.jpg;94;75;1948622;fpbtv;Pavilhão João Rocha;10284;Lisboa;0;fpbtv;www.fpbtv.pt;;;;
303508;710;22;22;Fase Regular;22335;Realizado;Realizado;8894;Liga BETCLIC Masculina;Liga BETCLIC Masculina;2022-03-26;15:00;CD Póvoa ;CDP;40600;https://sav2.fpb.pt/old_uploads/CLU/CLU_118_LOGO.jpg;Vitória SC ;VSC;40527;https://sav2.fpb.pt/old_uploads/CLU/CLU_2300_LOGO.png;87;81;1948625;fpbtv;Clube Desportivo Póvoa;9153;Póvoa de Varzim;0;fpbtv;www.fpbtv.pt;;;;
318437;4649;1;1;2ª Fase - Grupo C;23620;Realizado;Realizado;8894;Liga BETCLIC Masculina;Liga BETCLIC Masculina;2022-04-02;18:00;Illiabum Clube ;ILL;40601;https://sav2.fpb.pt/uploads/clubes/logotipo/Illiabum_Clube1602333892.png;Académica EFAPEL ;AAC;40599;https://sav2.fpb.pt/uploads/clubes/logotipo/Associacao_Academica_de_Coimbra1596300872.png;83;81;2078083;fpbtv;Pavilhão Municipal Capitão Adriano Nordeste;9225;Ílhavo;0;fpbtv;https://www.fpbtv.pt/app;;;;
318436;4648;1;1;2ª Fase - Grupo C;23620;Realizado;Realizado;8894;Liga BETCLIC Masculina;Liga BETCLIC Masculina;2022-04-02;18:30;Vitória SC ;VSC;40527;https://sav2.fpb.pt/old_uploads/CLU/CLU_2300_LOGO.png;Ovarense GAVEX ;OVA;40598;https://sav2.fpb.pt/uploads/clubes/logotipo/CLU_121663058006.png;95;91;2078082;fpbtv;Pavilhão Unidade Vimaranense;9662;Guimarães;0;fpbtv;https://www.fpbtv.pt/app;;;;
318448;4660;1;1;2ª Fase - Grupo B;23633;Realizado;Realizado;8894;Liga BETCLIC Masculina;Liga BETCLIC Masculina;2022-04-02;20:00;CAB Madeira SAD ;CAB;40597;https://sav2.fpb.pt/uploads/clubes/logotipo/CLU_9871666877561.jpg;Imortal LUZiGÁS ;IBC;40593;https://sav2.fpb.pt/old_uploads/CLU/CLU_2932_LOGO.png;95;69;2078094;fpbtv;Pavilhão Clube Amigos do Basquete;10185;Funchal;0;fpbtv;https://www.fpbtv.pt/app;;;;
318449;4661;1;1;2ª Fase - Grupo B;23633;Realizado;Realizado;8894;Liga BETCLIC Masculina;Liga BETCLIC Masculina;2022-04-02;20:30;Lusitânia Expert ;SCL;40596;https://sav2.fpb.pt/old_uploads/CLU/CLU_76_LOGO.png;CD Póvoa ;CDP;40600;https://sav2.fpb.pt/old_uploads/CLU/CLU_118_LOGO.jpg;96;70;2078095;false;Pavilhão Municipal de Angra do Heroísmo ;9197;Angra do Heroismo;0;;;;;;
318460;4672;1;1;2ª Fase - Grupo A;23634;Realizado;Realizado;8894;Liga BETCLIC Masculina;Liga BETCLIC Masculina;2022-04-03;15:00;Sporting CP ;SCP;40591;https://sav2.fpb.pt/old_uploads/CLU/CLU_169_LOGO.png;SL Benfica ;SLB;40594;https://sav2.fpb.pt/old_uploads/CLU/CLU_127_LOGO.png;76;90;2078106;fpbtv,sportingtv;Pavilhão João Rocha;10284;Lisboa;0;fpbtv;https://www.fpbtv.pt/app;sportingtv;;;
318461;4673;1;1;2ª Fase - Grupo A;23634;Realizado;Realizado;8894;Liga BETCLIC Masculina;Liga BETCLIC Masculina;2022-04-03;17:00;FC Porto ;FCP;40592;https://sav2.fpb.pt/old_uploads/CLU/CLU_120_LOGO.png;UD Oliveirense ;UDO;40595;https://sav2.fpb.pt/old_uploads/CLU/CLU_28_LOGO.png;91;64;2078107;rtp2,fpbtv;Pavilhão Dragão Arena;9876;Porto;0;rtp2;;fpbtv;https://www.fpbtv.pt/app;;
318438;4650;2;2;2ª Fase - Grupo C;23620;Realizado;Realizado;8894;Liga BETCLIC Masculina;Liga BETCLIC Masculina;2022-04-08;21:00;Ovarense GAVEX ;OVA;40598;https://sav2.fpb.pt/uploads/clubes/logotipo/CLU_121663058006.png;Illiabum Clube ;ILL;40601;https://sav2.fpb.pt/uploads/clubes/logotipo/Illiabum_Clube1602333892.png;86;77;2078084;fpbtv;Arena de Ovar;9744;Ovar;0;fpbtv;www.fpbtv.pt;;;;
318451;4663;2;2;2ª Fase - Grupo B;23633;Realizado;Realizado;8894;Liga BETCLIC Masculina;Liga BETCLIC Masculina;2022-04-09;15:30;CD Póvoa ;CDP;40600;https://sav2.fpb.pt/old_uploads/CLU/CLU_118_LOGO.jpg;CAB Madeira SAD ;CAB;40597;https://sav2.fpb.pt/uploads/clubes/logotipo/CLU_9871666877561.jpg;80;87;2078097;fpbtv;Clube Desportivo Póvoa;9153;Póvoa de Varzim;0;fpbtv;www.fpbtv.pt;;;;
318450;4662;2;2;2ª Fase - Grupo B;23633;Realizado;Realizado;8894;Liga BETCLIC Masculina;Liga BETCLIC Masculina;2022-04-09;16:00;Imortal LUZiGÁS ;IBC;40593;https://sav2.fpb.pt/old_uploads/CLU/CLU_2932_LOGO.png;Lusitânia Expert ;SCL;40596;https://sav2.fpb.pt/old_uploads/CLU/CLU_76_LOGO.png;84;76;2078096;fpbtv;Pavilhão Desportivo de Albufeira;9889;Albufeira;0;fpbtv;www.fpbtv.pt;;;;
318463;4675;2;2;2ª Fase - Grupo A;23634;Realizado;Realizado;8894;Liga BETCLIC Masculina;Liga BETCLIC Masculina;2022-04-09;21:00;UD Oliveirense ;UDO;40595;https://sav2.fpb.pt/old_uploads/CLU/CLU_28_LOGO.png;Sporting CP ;SCP;40591;https://sav2.fpb.pt/old_uploads/CLU/CLU_169_LOGO.png;69;66;2078109;fpbtv;Pavilhão Dr. Salvador Machado;9395;Oliveira de Azeméis;0;fpbtv;www.fpbtv.pt;;;;
318439;4651;2;2;2ª Fase - Grupo C;23620;Realizado;Realizado;8894;Liga BETCLIC Masculina;Liga BETCLIC Masculina;2022-04-09;21:00;Académica EFAPEL ;AAC;40599;https://sav2.fpb.pt/uploads/clubes/logotipo/Associacao_Academica_de_Coimbra1596300872.png;Vitória SC ;VSC;40527;https://sav2.fpb.pt/old_uploads/CLU/CLU_2300_LOGO.png;76;87;2078085;fpbtv;Engº Jorge Anjinho;9199;Coimbra;0;fpbtv;www.fpbtv.pt;;;;
318462;4674;2;2;2ª Fase - Grupo A;23634;Realizado;Realizado;8894;Liga BETCLIC Masculina;Liga BETCLIC Masculina;2022-04-10;17:00;SL Benfica ;SLB;40594;https://sav2.fpb.pt/old_uploads/CLU/CLU_127_LOGO.png;FC Porto ;FCP;40592;https://sav2.fpb.pt/old_uploads/CLU/CLU_120_LOGO.png;79;63;2078108;fpbtv,rtp2;Pavilhão Fidelidade;9526;Lisboa;0;fpbtv;www.fpbtv.pt;rtp2;;;
318464;4676;3;3;2ª Fase - Grupo A;23634;Realizado;Realizado;8894;Liga BETCLIC Masculina;Liga BETCLIC Masculina;2022-04-13;18:00;SL Benfica ;SLB;40594;https://sav2.fpb.pt/old_uploads/CLU/CLU_127_LOGO.png;UD Oliveirense ;UDO;40595;https://sav2.fpb.pt/old_uploads/CLU/CLU_28_LOGO.png;76;75;2078110;fpbtv;Pavilhão Fidelidade;9526;Lisboa;0;fpbtv;www.fpbtv.pt;;;;
318465;4677;3;3;2ª Fase - Grupo A;23634;Realizado;Realizado;8894;Liga BETCLIC Masculina;Liga BETCLIC Masculina;2022-04-13;19:00;Sporting CP ;SCP;40591;https://sav2.fpb.pt/old_uploads/CLU/CLU_169_LOGO.png;FC Porto ;FCP;40592;https://sav2.fpb.pt/old_uploads/CLU/CLU_120_LOGO.png;66;76;2078111;fpbtv,rtp2;Pavilhão João Rocha;10284;Lisboa;0;fpbtv;www.fpbtv.pt;rtp2;;;
318453;4665;3;3;2ª Fase - Grupo B;23633;Realizado;Realizado;8894;Liga BETCLIC Masculina;Liga BETCLIC Masculina;2022-04-13;20:30;CAB Madeira SAD ;CAB;40597;https://sav2.fpb.pt/uploads/clubes/logotipo/CLU_9871666877561.jpg;Lusitânia Expert ;SCL;40596;https://sav2.fpb.pt/old_uploads/CLU/CLU_76_LOGO.png;111;77;2078099;fpbtv;Pavilhão Clube Amigos do Basquete;10185;Funchal;0;fpbtv;www.fpbtv.pt;;;;
318441;4653;3;3;2ª Fase - Grupo C;23620;Realizado;Realizado;8894;Liga BETCLIC Masculina;Liga BETCLIC Masculina;2022-04-13;21:00;Vitória SC ;VSC;40527;https://sav2.fpb.pt/old_uploads/CLU/CLU_2300_LOGO.png;Illiabum Clube ;ILL;40601;https://sav2.fpb.pt/uploads/clubes/logotipo/Illiabum_Clube1602333892.png;94;83;2078087;fpbtv;Pavilhão Unidade Vimaranense;9662;Guimarães;0;fpbtv;www.fpbtv.pt;;;;
318440;4652;3;3;2ª Fase - Grupo C;23620;Realizado;Realizado;8894;Liga BETCLIC Masculina;Liga BETCLIC Masculina;2022-04-13;21:00;Ovarense GAVEX ;OVA;40598;https://sav2.fpb.pt/uploads/clubes/logotipo/CLU_121663058006.png;Académica EFAPEL ;AAC;40599;https://sav2.fpb.pt/uploads/clubes/logotipo/Associacao_Academica_de_Coimbra1596300872.png;91;65;2078086;fpbtv;Arena de Ovar;9744;Ovar;0;fpbtv;www.fpbtv.pt;;;;
318452;4664;3;3;2ª Fase - Grupo B;23633;Realizado;Realizado;8894;Liga BETCLIC Masculina;Liga BETCLIC Masculina;2022-04-13;21:00;Imortal LUZiGÁS ;IBC;40593;https://sav2.fpb.pt/old_uploads/CLU/CLU_2932_LOGO.png;CD Póvoa ;CDP;40600;https://sav2.fpb.pt/old_uploads/CLU/CLU_118_LOGO.jpg;80;81;2078098;fpbtv;Pavilhão Desportivo de Albufeira;9889;Albufeira;0;fpbtv;www.fpbtv.pt;;;;
318442;4654;4;4;2ª Fase - Grupo C;23620;Realizado;Realizado;8894;Liga BETCLIC Masculina;Liga BETCLIC Masculina;2022-04-16;16:00;Ovarense GAVEX ;OVA;40598;https://sav2.fpb.pt/uploads/clubes/logotipo/CLU_121663058006.png;Vitória SC ;VSC;40527;https://sav2.fpb.pt/old_uploads/CLU/CLU_2300_LOGO.png;101;93;2078088;false;Arena de Ovar;9744;Ovar;0;;;;;;
318466;4678;4;4;2ª Fase - Grupo A;23634;Realizado;Realizado;8894;Liga BETCLIC Masculina;Liga BETCLIC Masculina;2022-04-16;17:30;SL Benfica ;SLB;40594;https://sav2.fpb.pt/old_uploads/CLU/CLU_127_LOGO.png;Sporting CP ;SCP;40591;https://sav2.fpb.pt/old_uploads/CLU/CLU_169_LOGO.png;79;78;2078112;false;Pavilhão Fidelidade;9526;Lisboa;0;;;;;;
318443;4655;4;4;2ª Fase - Grupo C;23620;Realizado;Realizado;8894;Liga BETCLIC Masculina;Liga BETCLIC Masculina;2022-04-16;18:00;Académica EFAPEL ;AAC;40599;https://sav2.fpb.pt/uploads/clubes/logotipo/Associacao_Academica_de_Coimbra1596300872.png;Illiabum Clube ;ILL;40601;https://sav2.fpb.pt/uploads/clubes/logotipo/Illiabum_Clube1602333892.png;69;84;2078089;false;Engº Jorge Anjinho;9199;Coimbra;0;;;;;;
318454;4666;4;4;2ª Fase - Grupo B;23633;Realizado;Realizado;8894;Liga BETCLIC Masculina;Liga BETCLIC Masculina;2022-04-16;18:30;Imortal LUZiGÁS ;IBC;40593;https://sav2.fpb.pt/old_uploads/CLU/CLU_2932_LOGO.png;CAB Madeira SAD ;CAB;40597;https://sav2.fpb.pt/uploads/clubes/logotipo/CLU_9871666877561.jpg;78;80;2078100;false;Pavilhão Desportivo de Albufeira;9889;Albufeira;0;;;;;;
318467;4679;4;4;2ª Fase - Grupo A;23634;Realizado;Realizado;8894;Liga BETCLIC Masculina;Liga BETCLIC Masculina;2022-04-17;18:00;UD Oliveirense ;UDO;40595;https://sav2.fpb.pt/old_uploads/CLU/CLU_28_LOGO.png;FC Porto ;FCP;40592;https://sav2.fpb.pt/old_uploads/CLU/CLU_120_LOGO.png;66;84;2078113;false;Pavilhão Dr. Salvador Machado;9395;Oliveira de Azeméis;0;;;;;;
318455;4667;4;4;2ª Fase - Grupo B;23633;Realizado;Realizado;8894;Liga BETCLIC Masculina;Liga BETCLIC Masculina;2022-04-18;18:00;CD Póvoa ;CDP;40600;https://sav2.fpb.pt/old_uploads/CLU/CLU_118_LOGO.jpg;Lusitânia Expert ;SCL;40596;https://sav2.fpb.pt/old_uploads/CLU/CLU_76_LOGO.png;82;66;2078101;fpbtv;Clube Desportivo Póvoa;9153;Póvoa de Varzim;0;fpbtv;https://www.fpbtv.pt/app/watch/4666238058;;;;
318456;4668;5;5;2ª Fase - Grupo B;23633;Realizado;Realizado;8894;Liga BETCLIC Masculina;Liga BETCLIC Masculina;2022-04-23;15:00;Lusitânia Expert ;SCL;40596;https://sav2.fpb.pt/old_uploads/CLU/CLU_76_LOGO.png;Imortal LUZiGÁS ;IBC;40593;https://sav2.fpb.pt/old_uploads/CLU/CLU_2932_LOGO.png;86;68;2078102;fpbtv;Pavilhão Municipal de Angra do Heroísmo ;9197;Angra do Heroismo;0;fpbtv;www.fpbtv.pt;;;;
318445;4657;5;5;2ª Fase - Grupo C;23620;Realizado;Realizado;8894;Liga BETCLIC Masculina;Liga BETCLIC Masculina;2022-04-23;15:00;Vitória SC ;VSC;40527;https://sav2.fpb.pt/old_uploads/CLU/CLU_2300_LOGO.png;Académica EFAPEL ;AAC;40599;https://sav2.fpb.pt/uploads/clubes/logotipo/Associacao_Academica_de_Coimbra1596300872.png;103;96;2078091;fpbtv;Pavilhão Unidade Vimaranense;9662;Guimarães;0;fpbtv;www.fpbtv.pt;;;;
318457;4669;5;5;2ª Fase - Grupo B;23633;Realizado;Realizado;8894;Liga BETCLIC Masculina;Liga BETCLIC Masculina;2022-04-23;18:00;CAB Madeira SAD ;CAB;40597;https://sav2.fpb.pt/uploads/clubes/logotipo/CLU_9871666877561.jpg;CD Póvoa ;CDP;40600;https://sav2.fpb.pt/old_uploads/CLU/CLU_118_LOGO.jpg;95;90;2078103;fpbtv;Pavilhão Clube Amigos do Basquete;10185;Funchal;0;fpbtv;www.fpbtv.pt;;;;
318444;4656;5;5;2ª Fase - Grupo C;23620;Realizado;Realizado;8894;Liga BETCLIC Masculina;Liga BETCLIC Masculina;2022-04-23;18:00;Illiabum Clube ;ILL;40601;https://sav2.fpb.pt/uploads/clubes/logotipo/Illiabum_Clube1602333892.png;Ovarense GAVEX ;OVA;40598;https://sav2.fpb.pt/uploads/clubes/logotipo/CLU_121663058006.png;72;85;2078090;fpbtv;Pavilhão Municipal Capitão Adriano Nordeste;9225;Ílhavo;0;fpbtv;www.fpbtv.pt;;;;
318469;4681;5;5;2ª Fase - Grupo A;23634;Realizado;Realizado;8894;Liga BETCLIC Masculina;Liga BETCLIC Masculina;2022-04-23;21:00;Sporting CP ;SCP;40591;https://sav2.fpb.pt/old_uploads/CLU/CLU_169_LOGO.png;UD Oliveirense ;UDO;40595;https://sav2.fpb.pt/old_uploads/CLU/CLU_28_LOGO.png;69;67;2078115;fpbtv;Pavilhão João Rocha;10284;Lisboa;0;fpbtv;www.fpbtv.pt;;;;
318468;4680;5;5;2ª Fase - Grupo A;23634;Realizado;Realizado;8894;Liga BETCLIC Masculina;Liga BETCLIC Masculina;2022-04-23;21:00;FC Porto ;FCP;40592;https://sav2.fpb.pt/old_uploads/CLU/CLU_120_LOGO.png;SL Benfica ;SLB;40594;https://sav2.fpb.pt/old_uploads/CLU/CLU_127_LOGO.png;65;60;2078114;abolatv,fpbtv;Pavilhão Dragão Arena;9876;Porto;0;abolatv;;fpbtv;www.fpbtv.pt;;
318459;4671;6;6;2ª Fase - Grupo B;23633;Realizado;Realizado;8894;Liga BETCLIC Masculina;Liga BETCLIC Masculina;2022-04-30;14:00;Lusitânia Expert ;SCL;40596;https://sav2.fpb.pt/old_uploads/CLU/CLU_76_LOGO.png;CAB Madeira SAD ;CAB;40597;https://sav2.fpb.pt/uploads/clubes/logotipo/CLU_9871666877561.jpg;81;104;2078105;fpbtv;Pavilhão do Complexo Desportivo Tomás de Borba;9826;S. Pedro Angra do Heroismo;0;fpbtv;www.fpbtv.pt;;;;
318447;4659;6;6;2ª Fase - Grupo C;23620;Realizado;Realizado;8894;Liga BETCLIC Masculina;Liga BETCLIC Masculina;2022-04-30;15:00;Illiabum Clube ;ILL;40601;https://sav2.fpb.pt/uploads/clubes/logotipo/Illiabum_Clube1602333892.png;Vitória SC ;VSC;40527;https://sav2.fpb.pt/old_uploads/CLU/CLU_2300_LOGO.png;78;71;2078093;fpbtv;Pavilhão Municipal Capitão Adriano Nordeste;9225;Ílhavo;0;fpbtv;www.fpbtv.pt;;;;
318446;4658;6;6;2ª Fase - Grupo C;23620;Realizado;Realizado;8894;Liga BETCLIC Masculina;Liga BETCLIC Masculina;2022-04-30;15:00;Académica EFAPEL ;AAC;40599;https://sav2.fpb.pt/uploads/clubes/logotipo/Associacao_Academica_de_Coimbra1596300872.png;Ovarense GAVEX ;OVA;40598;https://sav2.fpb.pt/uploads/clubes/logotipo/CLU_121663058006.png;59;84;2078092;fpbtv;Pavilhao Municipal Montemor-o-Velho;9290;Montemor - o - Velho ;0;fpbtv;www.fpbtv.pt;;;;
318471;4683;6;6;2ª Fase - Grupo A;23634;Realizado;Realizado;8894;Liga BETCLIC Masculina;Liga BETCLIC Masculina;2022-04-30;15:00;FC Porto ;FCP;40592;https://sav2.fpb.pt/old_uploads/CLU/CLU_120_LOGO.png;Sporting CP ;SCP;40591;https://sav2.fpb.pt/old_uploads/CLU/CLU_169_LOGO.png;70;71;2078117;fpbtv,portocanal;Pavilhão Dragão Arena;9876;Porto;0;fpbtv;www.fpbtv.pt;portocanal;;;
318458;4670;6;6;2ª Fase - Grupo B;23633;Realizado;Realizado;8894;Liga BETCLIC Masculina;Liga BETCLIC Masculina;2022-04-30;15:00;CD Póvoa ;CDP;40600;https://sav2.fpb.pt/old_uploads/CLU/CLU_118_LOGO.jpg;Imortal LUZiGÁS ;IBC;40593;https://sav2.fpb.pt/old_uploads/CLU/CLU_2932_LOGO.png;71;70;2078104;fpbtv;Clube Desportivo Póvoa;9153;Póvoa de Varzim;0;fpbtv;www.fpbtv.pt;;;;
318470;4682;6;6;2ª Fase - Grupo A;23634;Realizado;Realizado;8894;Liga BETCLIC Masculina;Liga BETCLIC Masculina;2022-04-30;15:00;UD Oliveirense ;UDO;40595;https://sav2.fpb.pt/old_uploads/CLU/CLU_28_LOGO.png;SL Benfica ;SLB;40594;https://sav2.fpb.pt/old_uploads/CLU/CLU_127_LOGO.png;57;87;2078116;rtp2,fpbtv;Pavilhão Dr. Salvador Machado;9395;Oliveira de Azeméis;0;rtp2;;fpbtv;www.fpbtv.pt;;
319712;4951;1;1;Playoff - 1/4 Final;23756;Realizado;Realizado;8894;Liga BETCLIC Masculina;Liga BETCLIC Masculina;2022-05-12;19:00;SL Benfica ;SLB;40594;https://sav2.fpb.pt/old_uploads/CLU/CLU_127_LOGO.png;CD Póvoa ;CDP;40600;https://sav2.fpb.pt/old_uploads/CLU/CLU_118_LOGO.jpg;77;59;2090770;rtp2,fpbtv;Pavilhão Fidelidade;9526;Lisboa;0;rtp2;;fpbtv;www.fpbtv.pt;;
319715;4954;1;1;Playoff - 1/4 Final;23756;Realizado;Realizado;8894;Liga BETCLIC Masculina;Liga BETCLIC Masculina;2022-05-12;20:30;UD Oliveirense ;UDO;40595;https://sav2.fpb.pt/old_uploads/CLU/CLU_28_LOGO.png;CAB Madeira SAD ;CAB;40597;https://sav2.fpb.pt/uploads/clubes/logotipo/CLU_9871666877561.jpg;82;72;2090773;fpbtv;Pavilhão Dr. Salvador Machado;9395;Oliveira de Azeméis;0;fpbtv;www.fpbtv.pt;;;;
319713;4952;1;1;Playoff - 1/4 Final;23756;Realizado;Realizado;8894;Liga BETCLIC Masculina;Liga BETCLIC Masculina;2022-05-13;19:00;FC Porto ;FCP;40592;https://sav2.fpb.pt/old_uploads/CLU/CLU_120_LOGO.png;Imortal LUZiGÁS ;IBC;40593;https://sav2.fpb.pt/old_uploads/CLU/CLU_2932_LOGO.png;87;46;2090771;fpbtv;Pavilhão Dragão Arena;9876;Porto;0;fpbtv;www.fpbtv.pt;;;;
319714;4953;1;1;Playoff - 1/4 Final;23756;Realizado;Realizado;8894;Liga BETCLIC Masculina;Liga BETCLIC Masculina;2022-05-13;20:30;Sporting CP ;SCP;40591;https://sav2.fpb.pt/old_uploads/CLU/CLU_169_LOGO.png;Lusitânia Expert ;SCL;40596;https://sav2.fpb.pt/old_uploads/CLU/CLU_76_LOGO.png;82;66;2090772;fpbtv;Pavilhão João Rocha;10284;Lisboa;0;fpbtv;www.fpbtv.pt;;;;
319701;4946;1;1;Playout;23754;Realizado;Realizado;8894;Liga BETCLIC Masculina;Liga BETCLIC Masculina;2022-05-13;20:30;Vitória SC ;VSC;40527;https://sav2.fpb.pt/old_uploads/CLU/CLU_2300_LOGO.png;Illiabum Clube ;ILL;40601;https://sav2.fpb.pt/uploads/clubes/logotipo/Illiabum_Clube1602333892.png;97;88;2090765;fpbtv;Pavilhão Unidade Vimaranense;9662;Guimarães;0;fpbtv;www.fpbtv.pt;;;;
319716;4955;2;2;Playoff - 1/4 Final;23756;Realizado;Realizado;8894;Liga BETCLIC Masculina;Liga BETCLIC Masculina;2022-05-14;15:00;CD Póvoa ;CDP;40600;https://sav2.fpb.pt/old_uploads/CLU/CLU_118_LOGO.jpg;SL Benfica ;SLB;40594;https://sav2.fpb.pt/old_uploads/CLU/CLU_127_LOGO.png;67;84;2090774;fpbtv;Clube Desportivo Póvoa;9153;Póvoa de Varzim;0;fpbtv;www.fpbtv.pt;;;;
319719;4958;2;2;Playoff - 1/4 Final;23756;Realizado;Realizado;8894;Liga BETCLIC Masculina;Liga BETCLIC Masculina;2022-05-14;16:00;CAB Madeira SAD ;CAB;40597;https://sav2.fpb.pt/uploads/clubes/logotipo/CLU_9871666877561.jpg;UD Oliveirense ;UDO;40595;https://sav2.fpb.pt/old_uploads/CLU/CLU_28_LOGO.png;82;72;2090777;fpbtv;Pavilhão Clube Amigos do Basquete;10185;Funchal;0;fpbtv;www.fpbtv.pt;;;;
319718;4957;2;2;Playoff - 1/4 Final;23756;Realizado;Realizado;8894;Liga BETCLIC Masculina;Liga BETCLIC Masculina;2022-05-15;14:00;Lusitânia Expert ;SCL;40596;https://sav2.fpb.pt/old_uploads/CLU/CLU_76_LOGO.png;Sporting CP ;SCP;40591;https://sav2.fpb.pt/old_uploads/CLU/CLU_169_LOGO.png;78;90;2090776;fpbtv;Pavilhão Municipal de Angra do Heroísmo ;9197;Angra do Heroismo;0;fpbtv;www.fpbtv.pt;;;;
319702;4947;2;2;Playout;23754;Realizado;Realizado;8894;Liga BETCLIC Masculina;Liga BETCLIC Masculina;2022-05-15;15:00;Vitória SC ;VSC;40527;https://sav2.fpb.pt/old_uploads/CLU/CLU_2300_LOGO.png;Illiabum Clube ;ILL;40601;https://sav2.fpb.pt/uploads/clubes/logotipo/Illiabum_Clube1602333892.png;95;86;2090766;fpbtv;Pavilhão Unidade Vimaranense;9662;Guimarães;0;fpbtv;www.fpbtv.pt;;;;
319717;4956;2;2;Playoff - 1/4 Final;23756;Realizado;Realizado;8894;Liga BETCLIC Masculina;Liga BETCLIC Masculina;2022-05-15;15:00;Imortal LUZiGÁS ;IBC;40593;https://sav2.fpb.pt/old_uploads/CLU/CLU_2932_LOGO.png;FC Porto ;FCP;40592;https://sav2.fpb.pt/old_uploads/CLU/CLU_120_LOGO.png;63;83;2090775;rtp2,fpbtv;Pavilhão Desportivo de Albufeira;9889;Albufeira;0;rtp2;;fpbtv;www.fpbtv.pt;;
319723;4962;3;3;Playoff - 1/4 Final;23756;Realizado;Realizado;8894;Liga BETCLIC Masculina;Liga BETCLIC Masculina;2022-05-17;19:00;UD Oliveirense ;UDO;40595;https://sav2.fpb.pt/old_uploads/CLU/CLU_28_LOGO.png;CAB Madeira SAD ;CAB;40597;https://sav2.fpb.pt/uploads/clubes/logotipo/CLU_9871666877561.jpg;77;71;2090781;fpbtv;Pavilhão Dr. Salvador Machado;9395;Oliveira de Azeméis;0;fpbtv;www.fpbtv.pt;;;;
319720;4959;3;3;Playoff - 1/4 Final;23756;Não realizado;Não realizado;8894;Liga BETCLIC Masculina;Liga BETCLIC Masculina;2022-05-17;21:00;SL Benfica ;SLB;40594;https://sav2.fpb.pt/old_uploads/CLU/CLU_127_LOGO.png;CD Póvoa ;CDP;40600;https://sav2.fpb.pt/old_uploads/CLU/CLU_118_LOGO.jpg;;;2090778;false;Pavilhão Fidelidade;9526;Lisboa;0;;;;;;
319721;4960;3;3;Playoff - 1/4 Final;23756;Não realizado;Não realizado;8894;Liga BETCLIC Masculina;Liga BETCLIC Masculina;2022-05-18;16:30;FC Porto ;FCP;40592;https://sav2.fpb.pt/old_uploads/CLU/CLU_120_LOGO.png;Imortal LUZiGÁS ;IBC;40593;https://sav2.fpb.pt/old_uploads/CLU/CLU_2932_LOGO.png;;;2090779;false;Pavilhão Dragão Arena;9876;Porto;0;;;;;;
319722;4961;3;3;Playoff - 1/4 Final;23756;Não realizado;Não realizado;8894;Liga BETCLIC Masculina;Liga BETCLIC Masculina;2022-05-18;19:00;Sporting CP ;SCP;40591;https://sav2.fpb.pt/old_uploads/CLU/CLU_169_LOGO.png;Lusitânia Expert ;SCL;40596;https://sav2.fpb.pt/old_uploads/CLU/CLU_76_LOGO.png;;;2090780;false;Pavilhão João Rocha;10284;Lisboa;0;;;;;;
319703;4948;3;3;Playout;23754;Realizado;Realizado;8894;Liga BETCLIC Masculina;Liga BETCLIC Masculina;2022-05-20;21:00;Illiabum Clube ;ILL;40601;https://sav2.fpb.pt/uploads/clubes/logotipo/Illiabum_Clube1602333892.png;Vitória SC ;VSC;40527;https://sav2.fpb.pt/old_uploads/CLU/CLU_2300_LOGO.png;74;89;2090767;fpbtv;Pavilhão Municipal Capitão Adriano Nordeste;9225;Ílhavo;0;fpbtv;www.fpbtv.pt;;;;
319724;4963;1;1;Playoff - 1/2 Final;23757;Realizado;Realizado;8894;Liga BETCLIC Masculina;Liga BETCLIC Masculina;2022-05-21;15:00;SL Benfica ;SLB;40594;https://sav2.fpb.pt/old_uploads/CLU/CLU_127_LOGO.png;UD Oliveirense ;UDO;40595;https://sav2.fpb.pt/old_uploads/CLU/CLU_28_LOGO.png;89;72;2090782;rtp2,fpbtv;Pavilhão Fidelidade;9526;Lisboa;0;rtp2;;fpbtv;https://www.fpbtv.pt/app/watch/5644527507;;
319725;4964;1;1;Playoff - 1/2 Final;23757;Realizado;Realizado;8894;Liga BETCLIC Masculina;Liga BETCLIC Masculina;2022-05-22;15:00;FC Porto ;FCP;40592;https://sav2.fpb.pt/old_uploads/CLU/CLU_120_LOGO.png;Sporting CP ;SCP;40591;https://sav2.fpb.pt/old_uploads/CLU/CLU_169_LOGO.png;87;68;2090783;rtp2,fpbtv,portocanal;Pavilhão Dragão Arena;9876;Porto;0;rtp2;;fpbtv;https://www.fpbtv.pt/app/watch/5207129332;portocanal;
319704;4949;4;4;Playout;23754;Não realizado;Não realizado;8894;Liga BETCLIC Masculina;Liga BETCLIC Masculina;2022-05-22;18:00;Illiabum Clube ;ILL;40601;https://sav2.fpb.pt/uploads/clubes/logotipo/Illiabum_Clube1602333892.png;Vitória SC ;VSC;40527;https://sav2.fpb.pt/old_uploads/CLU/CLU_2300_LOGO.png;;;2090768;false;Pavilhão Municipal Capitão Adriano Nordeste;9225;Ílhavo;0;;;;;;
319726;4965;2;2;Playoff - 1/2 Final;23757;Realizado;Realizado;8894;Liga BETCLIC Masculina;Liga BETCLIC Masculina;2022-05-23;21:00;SL Benfica ;SLB;40594;https://sav2.fpb.pt/old_uploads/CLU/CLU_127_LOGO.png;UD Oliveirense ;UDO;40595;https://sav2.fpb.pt/old_uploads/CLU/CLU_28_LOGO.png;93;80;2090784;fpbtv;Pavilhão Fidelidade;9526;Lisboa;0;fpbtv;https://www.fpbtv.pt/app/watch/1794681354;;;;
319727;4966;2;2;Playoff - 1/2 Final;23757;Realizado;Realizado;8894;Liga BETCLIC Masculina;Liga BETCLIC Masculina;2022-05-24;19:00;FC Porto ;FCP;40592;https://sav2.fpb.pt/old_uploads/CLU/CLU_120_LOGO.png;Sporting CP ;SCP;40591;https://sav2.fpb.pt/old_uploads/CLU/CLU_169_LOGO.png;74;71;2090785;rtp2,fpbtv,portocanal;Pavilhão Dragão Arena;9876;Porto;0;rtp2;;fpbtv;https://www.fpbtv.pt;portocanal;
319728;4967;3;3;Playoff - 1/2 Final;23757;Realizado;Realizado;8894;Liga BETCLIC Masculina;Liga BETCLIC Masculina;2022-05-25;19:00;UD Oliveirense ;UDO;40595;https://sav2.fpb.pt/old_uploads/CLU/CLU_28_LOGO.png;SL Benfica ;SLB;40594;https://sav2.fpb.pt/old_uploads/CLU/CLU_127_LOGO.png;60;75;2090786;rtp2,fpbtv;Pavilhão Dr. Salvador Machado;9395;Oliveira de Azeméis;0;rtp2;;fpbtv;https://www.fpbtv.pt;;
319705;4950;5;5;Playout;23754;Não realizado;Não realizado;8894;Liga BETCLIC Masculina;Liga BETCLIC Masculina;2022-05-25;20:30;Vitória SC ;VSC;40527;https://sav2.fpb.pt/old_uploads/CLU/CLU_2300_LOGO.png;Illiabum Clube ;ILL;40601;https://sav2.fpb.pt/uploads/clubes/logotipo/Illiabum_Clube1602333892.png;;;2090769;false;Pavilhão Unidade Vimaranense;9662;Guimarães;0;;;;;;
319729;4968;3;3;Playoff - 1/2 Final;23757;Realizado;Realizado;8894;Liga BETCLIC Masculina;Liga BETCLIC Masculina;2022-05-26;19:30;Sporting CP ;SCP;40591;https://sav2.fpb.pt/old_uploads/CLU/CLU_169_LOGO.png;FC Porto ;FCP;40592;https://sav2.fpb.pt/old_uploads/CLU/CLU_120_LOGO.png;80;95;2090787;fpbtv,sportingtv;Pavilhão João Rocha;10284;Lisboa;0;fpbtv;www.fpbtv.pt;sportingtv;;;
319730;4969;4;4;Playoff - 1/2 Final;23757;Não realizado;Não realizado;8894;Liga BETCLIC Masculina;Liga BETCLIC Masculina;2022-05-27;21:00;UD Oliveirense ;UDO;40595;https://sav2.fpb.pt/old_uploads/CLU/CLU_28_LOGO.png;SL Benfica ;SLB;40594;https://sav2.fpb.pt/old_uploads/CLU/CLU_127_LOGO.png;;;2090788;false;Pavilhão Dr. Salvador Machado;9395;Oliveira de Azeméis;0;;;;;;
319731;4970;4;4;Playoff - 1/2 Final;23757;Não realizado;Não realizado;8894;Liga BETCLIC Masculina;Liga BETCLIC Masculina;2022-05-28;15:00;Sporting CP ;SCP;40591;https://sav2.fpb.pt/old_uploads/CLU/CLU_169_LOGO.png;FC Porto ;FCP;40592;https://sav2.fpb.pt/old_uploads/CLU/CLU_120_LOGO.png;;;2090789;false;Pavilhão João Rocha;10284;Lisboa;0;;;;;;
319732;4971;5;5;Playoff - 1/2 Final;23757;Não realizado;Não realizado;8894;Liga BETCLIC Masculina;Liga BETCLIC Masculina;2022-05-30;21:00;SL Benfica ;SLB;40594;https://sav2.fpb.pt/old_uploads/CLU/CLU_127_LOGO.png;UD Oliveirense ;UDO;40595;https://sav2.fpb.pt/old_uploads/CLU/CLU_28_LOGO.png;;;2090790;false;Pavilhão Fidelidade;9526;Lisboa;0;;;;;;
319733;4972;5;5;Playoff - 1/2 Final;23757;Não realizado;Não realizado;8894;Liga BETCLIC Masculina;Liga BETCLIC Masculina;2022-05-31;19:00;FC Porto ;FCP;40592;https://sav2.fpb.pt/old_uploads/CLU/CLU_120_LOGO.png;Sporting CP ;SCP;40591;https://sav2.fpb.pt/old_uploads/CLU/CLU_169_LOGO.png;;;2090791;false;Pavilhão Dragão Arena;9876;Porto;0;;;;;;
319734;4973;1;1;Playoff - Final;23758;Realizado;Realizado;8894;Liga BETCLIC Masculina;Liga BETCLIC Masculina;2022-06-04;15:00;SL Benfica ;SLB;40594;https://sav2.fpb.pt/old_uploads/CLU/CLU_127_LOGO.png;FC Porto ;FCP;40592;https://sav2.fpb.pt/old_uploads/CLU/CLU_120_LOGO.png;79;58;2090792;rtp2,fpbtv;Pavilhão Fidelidade;9526;Lisboa;0;rtp2;;fpbtv;www.fpbtv.pt;;
319735;4974;2;2;Playoff - Final;23758;Realizado;Realizado;8894;Liga BETCLIC Masculina;Liga BETCLIC Masculina;2022-06-06;19:00;SL Benfica ;SLB;40594;https://sav2.fpb.pt/old_uploads/CLU/CLU_127_LOGO.png;FC Porto ;FCP;40592;https://sav2.fpb.pt/old_uploads/CLU/CLU_120_LOGO.png;56;48;2090793;rtp2,fpbtv;Pavilhão Fidelidade;9526;Lisboa;0;rtp2;;fpbtv;www.fpbtv.pt;;
319736;4975;3;3;Playoff - Final;23758;Realizado;Realizado;8894;Liga BETCLIC Masculina;Liga BETCLIC Masculina;2022-06-09;18:00;FC Porto ;FCP;40592;https://sav2.fpb.pt/old_uploads/CLU/CLU_120_LOGO.png;SL Benfica ;SLB;40594;https://sav2.fpb.pt/old_uploads/CLU/CLU_127_LOGO.png;65;47;2090794;rtp2,fpbtv,portocanal;Pavilhão Dragão Arena;9876;Porto;0;rtp2;;fpbtv;https://www.fpbtv.pt/app/watch/2748238002;portocanal;
319737;4976;4;4;Playoff - Final;23758;Realizado;Realizado;8894;Liga BETCLIC Masculina;Liga BETCLIC Masculina;2022-06-11;15:00;FC Porto ;FCP;40592;https://sav2.fpb.pt/old_uploads/CLU/CLU_120_LOGO.png;SL Benfica ;SLB;40594;https://sav2.fpb.pt/old_uploads/CLU/CLU_127_LOGO.png;63;91;2090795;false;Pavilhão Dragão Arena;9876;Porto;0;;;;;;
319738;4977;5;5;Playoff - Final;23758;Não realizado;Não realizado;8894;Liga BETCLIC Masculina;Liga BETCLIC Masculina;2022-06-14;19:00;SL Benfica ;SLB;40594;https://sav2.fpb.pt/old_uploads/CLU/CLU_127_LOGO.png;FC Porto ;FCP;40592;https://sav2.fpb.pt/old_uploads/CLU/CLU_120_LOGO.png;;;2090796;false;Pavilhão Fidelidade;9526;Lisboa;0;;;;;;
